Codigo,Lat,Lon,Area
88690050,-31.8111,-52.3892,57128
88575050,-31.865,-53.2689,1051
88550010,-31.7192,-52.9008,1873
88260000,-32.5194,-53.4558,6920
88150900,-32.8336,-52.6436,0
88060210,-32.5397,-52.5392,0
88060200,-32.5408,-52.5394,0
88009000,-33.5022,-53.1478,4.8
87905000,-31.0119,-52.0525,15600
87795000,-30.7956,-52.6242,181
87790000,-30.7883,-52.6297,180
87785000,-30.7492,-52.6464,170
87550050,-30.9083,-53.8206,1465
87510049,-30.3106,-51.8475,265
87510047,-30.3175,-51.8678,260
87510015,-30.1544,-50.5528,1780
87450004,-30.0211,-51.2211,82400
87401750,-29.9683,-51.0367,0
87399000,-29.9644,-50.9778,1410
87398750,-29.9803,-50.7439,0
87382000,-29.7589,-51.1483,3130
87380000,-29.6917,-51.0461,2900
87376000,-29.6858,-50.8122,2380
87361100,-29.3936,-50.7475,99.79
87361000,-29.3472,-50.7014,10.2
87333000,-29.9094,-50.4253,0
87317030,-29.6519,-50.2092,442
87309010,-29.5097,-50.0911,0
87270000,-29.7011,-51.4411,4360
87242000,-30.1075,-51.3111,0
87241000,-30.38,-51.0061,0
87231100,-29.5803,-50.5561,114
87230000,-29.5906,-51.3136,846
87200000,-29.5011,-51.0022,88
87170000,-29.59,-51.3833,3030
87168000,-29.3828,-51.3689,259
87160000,-29.3356,-51.1889,2030
87150000,-29.3075,-50.9958,1350
87120100,-29.2694,-50.7544,669
87120000,-29.2683,-50.7467,669
87110000,-29.2892,-50.7408,677
87107000,-29.3044,-50.7264,557.19
87100000,-29.3153,-50.6806,517
87075000,-29.3267,-50.6178,408
87072000,-29.3603,-50.5258,133
87070000,-29.2994,-50.5697,96.1
87068000,-29.3,-50.5211,28
87010000,-29.9419,-51.6942,68600
86950000,-29.8069,-51.8758,25900
86895000,-29.6922,-51.97,24600
86881000,-29.6081,-51.9511,23800
86879300,-29.4733,-51.9622,22472
86780000,-29.2239,-52.1622,2077
86746900,-29.3922,-52.0758,414
86744000,-29.0844,-52.2064,647
86743950,-29.0833,-52.2106,647
86743900,-29.0814,-52.2083,600
86743800,-29.0533,-52.2194,564
86743700,-29.0419,-52.2222,564
86720000,-29.2344,-51.855,19100
86520100,-28.3825,-52.2586,684
86520000,-28.3511,-52.2147,123
86510000,-29.1672,-51.8686,16000
86507000,-28.9722,-51.7558,2340
86506000,-28.9639,-51.7583,2320
86505500,-28.9414,-51.7694,2290
86505400,-28.9411,-51.7739,0
86497500,-28.8292,-51.8614,1787.3
86497400,-28.8283,-51.8419,1785.47
86495500,-28.775,-51.8447,1721
86490500,-28.7117,-51.8525,1580
86489000,-28.7075,-51.8503,1571
86488000,-28.6847,-51.8506,2090
86479000,-28.5792,-51.8686,674
86472000,-29.0978,-51.6997,13000
86470900,-29.07,-51.6342,12929.7
86470800,-29.0658,-51.6744,12757.8
86450500,-29.0211,-51.5333,0
86450000,-29.075,-51.5239,12400
86448000,-29.0292,-51.5219,12113.7
86444000,-28.8919,-51.4617,3630
86430900,-28.8925,-51.455,3630
86430500,-28.8231,-51.4942,506
86410800,-28.7983,-51.4744,12.59
86410050,-28.8086,-51.4467,3000
86406000,-28.6189,-51.4011,1142
86405000,-28.6153,-51.4033,1140
86403000,-28.5692,-51.4064,1070
86402000,-28.56,-51.4081,1064
86390900,-28.5328,-51.4094,1010
86321000,-29.0633,-51.3236,285.6
86306000,-29.0133,-51.3675,7748.3
86305000,-29.0058,-51.3853,7742.6
86298000,-28.9414,-51.1892,7370
86281000,-29.0361,-51.0986,259
86280500,-29.0367,-51.0956,0
86210900,-28.8964,-50.8108,829.3
86201000,-28.9639,-50.8028,242.1
86200900,-28.9653,-50.7989,243.2
86200500,-29.0206,-50.7342,429
86195100,-29.0197,-50.7339,435.6
86195000,-29.0206,-50.7314,429
86194900,-29.0231,-50.7156,394.9
86163000,-28.7869,-50.7447,0
86162000,-28.7914,-50.7458,352
86160000,-28.8681,-50.4561,1120
86125500,-28.9381,-51.4656,3658.7
86125130,-28.5919,-51.3247,1160
86125120,-28.5719,-51.3111,678
86125100,-28.5589,-51.3111,640
86125050,-28.5486,-51.3017,600
86118000,-28.7964,-50.7294,3764.9
86117000,-28.79,-50.6789,120.15
86110000,-28.8161,-50.6214,3540
86109000,-28.8067,-50.6128,0
86102000,-28.8644,-50.5622,1400
86101000,-28.7883,-50.5611,2070
86100800,-28.7922,-50.5647,1786
86100600,-28.7575,-50.5211,0
86099000,-28.8047,-50.4936,1787
86060010,-28.9489,-50.0556,28.63
85900000,-29.995,-52.3756,38700
85800000,-29.5014,-52.5519,0
85642000,-30.0078,-53.0156,27300
85623010,-30.1942,-53.5633,691
85590900,-29.9258,-53.4164,6.756
85500990,-28.6211,-52.9353,684
85500100,-28.5794,-52.92,684
85500010,-28.5272,-52.8878,684
85480010,-30.2319,-53.9856,2957
85438510,-29.8011,-53.3681,932
85400000,-29.6269,-53.3528,14000
85395300,-29.4719,-53.2814,13202
85395100,-29.4475,-53.2844,13200
85382000,-29.3853,-53.0483,73
85380500,-29.2311,-53.1175,1413
85365500,-28.555,-52.4936,203.6
85365000,-29.2597,-53.2353,10700
85350000,-29.1289,-53.3178,1660
85349000,-29.1294,-53.3194,1640
85311000,-29.1203,-53.3661,1552
85310000,-29.1194,-53.4058,1520
85309000,-29.0333,-53.5094,1010
85306000,-28.935,-53.6433,1552
85300000,-29.0733,-53.21,8230
85290000,-29.0508,-53.2653,192
85260001,-29.0164,-53.1886,8190
85240000,-28.8358,-53.2986,742
85180000,-28.5453,-53.1647,738
85140000,-28.7492,-52.9794,4450
85110000,-28.6428,-52.9269,684
85080001,-28.72,-52.8492,2970
85074000,-28.6717,-52.7267,0
85050100,-28.5628,-52.5536,1060
85050001,-28.5556,-52.545,1040
85040000,-28.4733,-52.4047,159
85029000,-28.4056,-52.4408,335
84853000,-28.8536,-49.5897,355
84598002,-28.1656,-48.9717,620
84597300,-28.1175,-48.9714,533
84597250,-28.1086,-48.9594,4448
84580500,-28.47,-48.9917,2840
84580000,-28.4206,-49.1064,2740
84559800,-28.2389,-49.1631,1515
84538500,-28.1569,-49.1214,976
84538000,-28.1208,-49.1197,976
84536000,-28.1278,-49.1203,886
84535000,-28.1239,-49.1328,886
84534500,-28.1161,-49.1394,0
84534000,-28.0817,-49.1481,0
84531000,-28.0492,-49.13,635
84530000,-28.0414,-49.1283,635
84520008,-28.0131,-49.1225,378.5
84520002,-28.0017,-49.1139,377
84420000,-29.2933,-49.8231,261
84249998,-28.3586,-49.295,599
84150100,-27.6925,-48.7097,522
84100000,-27.7044,-48.8033,400
84095500,-27.275,-48.85,1964
84079000,-27.2967,-48.9703,522
84077000,-27.3236,-49.0258,521
84076000,-27.3192,-49.0419,482
84075000,-27.3194,-49.1008,400
84074000,-27.32,-49.1217,395
84034500,-27.3997,-49.0325,153
84034000,-27.4017,-49.0461,145
84030000,-27.4167,-48.9544,819
84025000,-27.4561,-48.9839,741
84022000,-27.4783,-48.9761,741
84017500,-27.4989,-49.0356,302
84016000,-27.5197,-49.0064,315
84015900,-27.5489,-49.0064,315
83900000,-27.1006,-48.9167,1240
83892990,-27.33,-49.33,286
83880000,-26.7239,-48.9311,104
83800002,-26.9186,-49.0656,11803
83750000,-26.8808,-49.1014,11700
83740000,-26.88,-49.1056,11700
83695000,-26.9075,-49.1942,0
83674100,-26.6708,-49.325,128.94
83674000,-26.6072,-49.3392,119
83669000,-26.615,-49.4056,183
83629000,-26.7592,-49.4067,78
83610500,-26.7758,-49.3719,575
83610400,-26.7836,-49.4169,575
83610000,-26.7819,-49.3972,588
83601000,-26.7839,-49.4181,486
83600500,-26.7631,-49.4411,384
83600000,-26.7572,-49.4547,374
83590000,-26.7567,-49.4567,373
83570000,-26.715,-49.4853,304
83461000,-27.0969,-49.4658,8920
83458000,-27.1372,-49.5189,0
83441000,-27.0536,-49.5164,3314
83430000,-27.0375,-49.5686,3173.38
83372100,-26.9989,-49.6539,305.53
83371000,-26.9694,-49.6883,189.62
83360000,-26.9556,-49.6331,2480
83349600,-26.8992,-49.6628,2420
83300200,-27.2078,-49.6292,5160
83270000,-27.2936,-49.6506,1990
83250000,-27.3986,-49.6058,1650
83105000,-27.6839,-49.3631,434
83059000,-27.1986,-49.7856,2300
83050000,-27.1139,-49.9953,1570
83040000,-27.2006,-50.0708,346
83035000,-26.9689,-50.0017,119
83030000,-27.0972,-50.0386,854
83029900,-27.0397,-50.1242,648
83020000,-26.9914,-50.1711,176
82549000,-26.4392,-49.0628,358
82430100,-26.3239,-49.0922,82.6
82430000,-26.2947,-49.0614,82.6
82410050,-26.3022,-49.1536,65
82410000,-26.2944,-49.1567,62
82350000,-26.48,-49.0808,794
82330000,-26.3169,-49.3208,67.28
82234000,-25.8181,-48.8072,780
82230815,-25.7122,-48.9706,168
82230015,-25.8081,-48.9944,273
82230001,-25.8203,-49.065,159
82188000,-25.4294,-48.9472,46.2
82121002,-25.3194,-48.7081,380
82002000,-25.16,-48.2425,96.7
81710000,-24.6897,-48.0014,777
81709050,-24.7597,-48.1711,0
81699000,-24.8003,-48.1736,0
81683000,-24.49,-47.8367,20900
81679000,-24.3206,-47.625,4360
81630000,-24.2811,-47.4606,1480
81595000,-24.2461,-47.2608,356
81545000,-24.2886,-47.6172,2540
81530000,-24.2064,-47.6133,2440
81501000,-24.1094,-47.6861,412
81500080,-24.1,-47.7189,402
81499200,-23.9722,-47.3872,145
81499100,-23.9622,-47.3897,143
81499085,-24.1511,-47.5547,1731
81499080,-24.1519,-47.5481,1710
81498080,-24.0814,-47.4767,1610
81497080,-24.0625,-47.4158,1480
81496200,-24.0283,-47.3567,1451
81496080,-24.025,-47.3567,1400
81495200,-24.0103,-47.2936,1077
81495080,-24.0075,-47.2639,1050
81491100,-23.9486,-47.1975,937
81491080,-23.9406,-47.1944,916
81429500,-23.8864,-47.1369,152
81429000,-23.9364,-47.1036,461
81350000,-24.5864,-48.5922,12500
81337000,-24.8739,-48.4847,246
81315000,-25,-48.6217,321
81312000,-25.0044,-48.6381,312
81303001,-25.0881,-48.8272,1100
81301001,-25.1383,-48.8744,958
81299001,-25.2169,-48.9464,468
81200000,-24.6556,-48.9997,7360
81169550,-24.6114,-49.1267,588
81169000,-24.5956,-49.1347,527
81168000,-24.4842,-49.1136,439
81167000,-24.4822,-49.0664,112
81139500,-24.8433,-49.2733,414
81107000,-24.9028,-49.4417,3240
81030000,-25.15,-49.4219,90.5
81028000,-25.1519,-49.4128,89
81019350,-25.2344,-49.5964,582
81019000,-24.8939,-49.5858,118
81018900,-24.8886,-49.5919,113
80360400,-23.8772,-46.4472,15.9
80360200,-23.8786,-46.4478,15.4
79400000,-31.5339,-54.2944,1180
79200010,-31.4533,-54.13,705
77500000,-30.3844,-56.4656,4570
77150000,-29.7486,-57.0886,190000
76800000,-29.3092,-56.0553,42500
76750000,-29.7683,-55.7875,5867.84
76742000,-29.9511,-55.6003,1160
76660900,-30.0681,-55.6594,2906
76560000,-29.5958,-55.4814,29400
76431995,-29.4997,-54.6889,2326
76431000,-29.3803,-54.5103,1830
76430900,-29.3656,-54.5044,1840
76310000,-30.2428,-54.9169,12100
76300000,-30.2808,-54.9031,6010
76290000,-30.5183,-55.0431,4610
76251000,-30.9703,-54.6933,462
76220900,-31.1417,-54.3806,228
76150050,-29.4683,-56.4756,1689
76115800,-29.4611,-54.1942,434
76115600,-29.4092,-53.9975,566
76112000,-29.4578,-54.1278,80
76070500,-29.3878,-54.0222,865
76069900,-29.3642,-54.0117,840
76069500,-29.2661,-53.9483,633
75900000,-29.1175,-56.5544,131000
75881900,-28.4228,-54.3006,2108
75881800,-28.4208,-54.2978,2108
75831000,-28.8531,-56.0861,1639
75780000,-28.6244,-56.0369,125000
75650010,-28.7425,-55.1625,1344
75550000,-28.1822,-55.6433,116000
75344000,-28.1239,-55.0533,10200
75343000,-28.1589,-55.0625,52
75342000,-28.1325,-55.0517,10100
75331000,-28.2069,-54.8697,117
75326000,-28.1744,-54.8192,9586
75325000,-28.1778,-54.8144,9595
75318000,-28.2275,-54.7547,33.5
75307000,-28.2925,-54.6967,282
75305000,-28.1997,-54.6431,8971
75291000,-28.4006,-54.3125,2120
75290000,-28.4122,-54.3025,2120
75288100,-28.4356,-54.2889,2050
75288000,-28.4417,-54.2886,2050
75287000,-28.5433,-54.1553,1756
75270000,-28.7778,-53.9817,893
75230000,-28.3553,-54.2675,5440
75187000,-28.3603,-53.9008,663
75185200,-28.3711,-53.8792,611.62
75181000,-28.3128,-53.9131,2744
75180000,-28.3128,-53.8964,2744
75178000,-28.2925,-53.8778,2750
75175100,-28.4008,-53.8283,556
75155010,-28.2869,-53.7803,2011
75120000,-28.2825,-53.8103,2030
75050000,-28.2739,-53.6486,1320
74800000,-27.8525,-55.0256,95200
74720000,-27.5781,-54.6831,90700
74695000,-27.7294,-54.4094,951
74694000,-27.7303,-54.4083,965
74690100,-27.7703,-54.3897,842
74690001,-27.7714,-54.3889,842
74670000,-27.7817,-54.3736,732
74550000,-27.8914,-54.1028,534
74549990,-27.8969,-54.1072,534
74500000,-27.3019,-54.1397,82300
74468500,-27.5353,-53.815,1270
74468000,-27.5453,-53.8069,1080
74467000,-27.5647,-53.7869,1039
74466000,-27.575,-53.7897,1080
74465000,-27.6231,-53.8008,943
74464500,-27.6247,-53.8028,949
74463000,-27.7089,-53.775,792
74462000,-27.8203,-53.7328,505
74400080,-26.6678,-53.6508,222
74400000,-26.6428,-53.6531,222
74370010,-27.3328,-53.6444,0
74356000,-27.4303,-53.5611,760
74355000,-27.44,-53.5614,760
74351000,-27.5589,-53.5764,898
74350900,-27.5606,-53.5789,889.17
74350100,-27.6067,-53.5742,835
74350000,-27.6139,-53.5714,836
74340000,-27.7653,-53.5575,500
74339000,-27.8344,-53.5144,0
74329000,-27.1717,-53.7097,72300
74324000,-26.7931,-53.3969,1980
74323000,-26.7892,-53.3936,1690
74322000,-26.7139,-53.3175,632
74315000,-26.7219,-53.3756,1030
74314980,-26.7169,-53.3853,1013
74314970,-26.6381,-53.4156,890
74300200,-26.5869,-53.4281,622
74300000,-26.5881,-53.4536,814
74295000,-27.0133,-53.2953,300
74201000,-26.4628,-53.3164,153.68
74200980,-26.4692,-53.3094,153.68
74200900,-26.5769,-53.4344,622
74200500,-26.5406,-53.4375,622
74130000,-28.0986,-53.0156,892
74120900,-28.1025,-53.0153,890.5
74120750,-28.2653,-52.8969,890.5
74120700,-28.2472,-52.8011,890.5
74100000,-27.1756,-53.2297,61900
74050000,-27.1581,-53.0736,61600
74040080,-27.14,-53.0433,53000
73960000,-27.0419,-52.9544,8240
73900000,-26.9244,-53.0089,418
73892000,-26.9044,-53.0303,376
73890000,-26.9047,-53.0303,376
73819000,-26.8544,-52.9006,1010
73790000,-26.7567,-52.9081,627
73770000,-26.8175,-52.7344,5550
73712000,-26.7983,-52.5911,1632
73710000,-26.7883,-52.5033,1533
73699000,-26.7486,-52.4072,1391
73698500,-26.7497,-52.3997,1353
73694000,-26.7592,-52.2581,1050
73693800,-26.7528,-52.3842,1336
73693500,-26.7611,-52.3378,1160
73692500,-26.7672,-52.3233,1150
73692200,-26.7697,-52.2247,1040
73691000,-26.7947,-52.1378,840
73690030,-26.7758,-52.0422,754.89
73680900,-26.7711,-52.0331,725
73680800,-26.7808,-51.9478,725
73675000,-26.8478,-51.8783,354
73674500,-26.8489,-51.8753,344
73660000,-26.7014,-51.9208,989
73658000,-26.7094,-51.8911,989
73620000,-26.6992,-51.8247,777
73600700,-26.6697,-52.5561,2700
73600600,-26.6561,-52.5433,2660
73600400,-26.6139,-52.5375,2540
73600200,-26.5778,-52.495,378
73582900,-26.6264,-52.2267,1493
73582500,-26.6844,-52.0489,1120
73582000,-26.6808,-52.0442,1120
73571500,-26.6808,-51.8094,689
73571000,-26.6803,-51.7808,689
73570000,-26.6767,-51.7575,632
73569000,-26.6758,-51.7542,694
73560000,-26.6764,-51.7217,595
73558000,-26.6744,-51.715,595
73553000,-26.7019,-51.605,130
73552000,-26.6822,-51.5617,151
73528000,-27.2456,-52.7944,98
73490000,-27.3456,-52.7336,3470
73448000,-27.5703,-52.6781,1022
73445000,-27.6694,-52.5842,743
73440000,-27.4822,-52.7797,2410
73437000,-27.4964,-52.8031,124
73436000,-27.5022,-52.8106,122
73420080,-27.5539,-52.7425,1940
73389000,-27.9547,-52.5383,2.12
73340000,-27.1133,-52.4875,1445
73339000,-27.1097,-52.4847,1445
73335000,-27.0708,-52.4636,1260
73334500,-27.0586,-52.47,1234
73331800,-26.94,-52.4411,111
73331000,-27.0097,-52.4303,952
73330250,-26.9794,-52.3803,959
73330200,-26.9803,-52.3797,956
73318000,-26.9589,-52.3411,842
73317000,-26.9547,-52.3008,810
73310000,-26.9408,-52.2611,818
73290100,-26.9319,-52.1447,520
73251000,-26.9461,-51.9594,109
73250500,-26.9406,-51.9528,109
73250000,-26.9336,-51.905,170
73249000,-26.9361,-51.8958,170
73220000,-27.3,-52.5303,274
73204000,-26.7169,-52.8914,627
73203200,-26.6931,-52.9003,627
73203000,-26.6556,-52.9108,627
73200500,-27.3139,-52.3964,285
73200080,-27.2764,-52.3772,44100
73170000,-27.1617,-52.1447,877
73100300,-27.4161,-52.2361,275
73100000,-26.5492,-52.5311,156
72880000,-27.3394,-51.6114,4780
72870900,-27.5619,-51.8578,3656
72870200,-27.2975,-51.5522,438
72870100,-27.3003,-51.5236,433
72860000,-27.3197,-51.4456,277
72849000,-27.1594,-51.4811,3710
72818000,-27.11,-51.325,2665
72817000,-27.1036,-51.2822,2660
72816000,-27.0939,-51.3658,3205
72815000,-27.0881,-51.2578,2502
72810000,-27.0881,-51.2581,2010
72806000,-26.9828,-51.1667,1648
72715000,-26.8958,-51.0756,801
72700000,-27.5206,-51.8108,31800
72690080,-27.5247,-51.7817,32000
72630900,-27.7075,-51.8858,2796
72480100,-27.6547,-51.75,2227
72480001,-27.6589,-51.7483,2190
72451000,-27.6147,-51.7508,2274
72428000,-27.8786,-51.7542,1604
72090000,-27.6367,-51.4897,371.2
71900000,-27.5828,-51.3539,59
71890500,-27.5689,-51.3597,54.6
71840000,-27.6064,-51.3256,14433
71740000,-27.6372,-51.0047,13228
71700000,-27.6264,-50.9858,13074
71655000,-27.6339,-50.7806,2204
71647000,-27.6711,-50.7097,2050
71645000,-27.7161,-50.6758,1710
71644000,-27.7175,-50.6592,1710
71621500,-27.805,-50.4811,1080
71621000,-27.8117,-50.4794,1080
71540000,-27.5169,-50.8322,10081
71497000,-27.225,-50.7339,3074
71388600,-27.4528,-50.6714,5750
71388000,-27.4564,-50.6439,5490
71386000,-27.4597,-50.52,0
71385400,-27.4858,-50.3917,4610
71383300,-27.4858,-50.3917,4720
71380500,-27.5322,-51.4233,288
71380450,-27.5214,-51.4131,288
71350001,-27.5078,-50.1128,3230
71300000,-27.7022,-49.84,2000
71200000,-27.8028,-49.7786,1010
70845000,-27.7381,-51.3133,943
70844500,-27.7722,-51.3333,878
70844300,-27.7886,-51.3469,849
70844200,-27.8197,-51.3753,825
70843500,-27.8572,-51.3814,143
70843000,-27.8569,-51.3611,619
70841500,-28.0819,-51.2583,189
70840080,-27.78,-51.1917,11900
70720000,-28.2869,-50.8333,474
70710000,-28.2628,-50.7608,793
70610000,-28.2883,-50.6431,1150
70600000,-28.02,-50.7822,618
70305000,-28.0894,-50.0614,1119
70150000,-28.3944,-50.5756,6160
70120000,-28.4456,-49.8975,1480
70110000,-28.4022,-49.9106,167
67100000,-21.7003,-57.8911,576000
66960008,-19.6006,-57.4372,371000
66945000,-20.4783,-55.8014,15700
66941000,-20.4481,-55.4281,10900
66910000,-20.2408,-56.3992,15000
66900000,-20.7619,-56.0911,11600
66870000,-18.5078,-54.7619,27600
66861000,-19.4133,-54.4589,601
66859000,-19.4103,-54.4931,600
66830000,-17.9319,-53.3753,159
66825000,-19.0017,-57.5942,253000
66710000,-17.3656,-56.7747,95200
66650000,-17.2917,-56.3872,30000
66600000,-17.2017,-56.0086,23300
66525100,-17.0953,-54.9361,4910
66523000,-17.0908,-54.8311,5230
66522100,-17.2981,-54.76,0
66522000,-17.1386,-54.8192,5280
66521000,-17.1244,-54.7239,0
66494000,-17.6183,-54.8883,0
66493900,-17.6175,-54.8867,327
66493000,-17.61,-54.9389,4294
66489000,-17.6075,-54.8272,3997
66484500,-17.5328,-54.445,3133
66484000,-17.5378,-54.4325,3132
66483800,-17.5164,-54.4178,0
66483600,-17.5444,-54.4139,3130
66460000,-16.6081,-55.2064,23000
66454900,-16.6669,-54.7356,2720
66454800,-16.6689,-54.7403,1815
66453000,-16.7128,-54.7478,1698
66452500,-16.7483,-54.7217,1543
66450010,-16.4789,-54.6506,12400
66425050,-14.4283,-57.8128,160
66425000,-14.4194,-57.8183,155
66420250,-15.8508,-54.3753,1360
66420180,-15.8386,-54.3819,1200
66420160,-15.8342,-54.4056,161
66420000,-15.7975,-54.3608,945
66400390,-16.2189,-54.9431,5775
66400380,-16.2169,-54.9433,5770
66400360,-16.0394,-54.9397,5460
66400355,-16.3047,-55.0597,397
66400325,-16.2994,-55.0622,397
66400060,-16.1039,-54.9908,332
66400050,-16.0964,-55.0425,320
66390090,-16.045,-54.8867,738
66388000,-15.9792,-55.0328,0
66386000,-15.9872,-55.0711,325
66385500,-15.9767,-55.0836,320
66384000,-15.9964,-55.0961,327
66380100,-15.9981,-54.9217,3240
66280000,-16.1928,-55.9669,28900
66270000,-15.8697,-56.0761,25300
66260110,-15.7536,-55.5483,316
66260050,-15.7417,-55.53,256
66260001,-15.6156,-56.1086,23500
66259650,-15.6175,-56.0511,608
66240080,-14.8714,-55.7847,3350
66210000,-14.8675,-55.8003,9370
66201200,-16.1111,-55.3758,68
66201100,-16.1061,-55.3439,54
66174000,-15.2136,-55.6411,693
66171500,-15.0919,-55.4417,1360
66171400,-15.1411,-55.4981,1210
66170600,-15.3422,-55.4611,860
66170500,-15.3575,-55.4553,810
66170100,-15.3569,-55.3986,279
66165000,-15.3669,-55.4367,432
66164600,-15.5175,-55.4028,194
66162000,-14.81,-55.2761,2580
66125000,-17.6414,-57.6906,68900
66120000,-17.1433,-57.3594,64000
66071470,-15.3942,-58.6328,0
66071450,-15.3922,-58.6375,0
66071397,-15.2919,-58.7075,2280
66071395,-15.2889,-58.7067,2270
66071390,-15.2622,-58.7222,2240
66071385,-15.2378,-58.7297,2230
66071380,-15.1322,-58.7297,2130
66071375,-15.13,-58.7294,2130
66071363,-15.0528,-58.7508,0
66071360,-15.045,-58.7492,1800
66071355,-15.0369,-58.7358,1800
66071353,-15.0231,-58.7217,0
66070004,-16.0761,-57.7022,32400
66064000,-15.4686,-57.8936,3610
66056000,-15.2308,-57.6981,8209
66053200,-14.9756,-57.7461,139
66052900,-14.8261,-57.9031,1970
66052800,-14.8283,-57.9119,0
66052600,-14.7956,-57.9706,139
66052500,-14.7606,-58.0242,1790
66052081,-14.7592,-58.0458,1790
66052080,-14.7406,-58.1014,1750
66051000,-14.7106,-58.1025,817
66030000,-14.61,-57.7281,3602
66029010,-14.6122,-57.7458,593.03
66029000,-14.6108,-57.7439,593.03
66028500,-14.5928,-57.7731,593.03
66028000,-14.5564,-57.8122,593.03
66025500,-14.355,-57.6164,154
66025000,-14.3331,-57.6156,148
66010000,-15.0761,-57.1819,9250
66007000,-14.8142,-56.8381,3607
66005960,-14.4253,-56.8247,825
66005950,-14.3917,-56.8292,811
66005900,-14.3456,-56.7964,538
66005800,-14.3464,-56.7947,560
66005600,-14.3272,-56.7494,450
66005400,-14.3153,-56.7269,429
66005100,-14.4772,-56.3922,344
65987001,-25.5667,-53.9333,63900
65984000,-25.5853,-53.7278,62098
65983100,-25.5042,-53.6722,61580
65975300,-25.4217,-53.5003,1387
65973501,-25.5419,-53.4844,57100
65970001,-25.3939,-53.1039,1080
65963071,-25.5711,-53.1133,7470
65962000,-25.6822,-52.9844,7240
65960001,-25.7739,-52.9244,6700
65958000,-25.8058,-52.9067,6670
65957000,-25.8181,-52.9014,6481
65956000,-25.8831,-52.8631,2342
65955000,-25.915,-52.8494,1720
65954950,-26.0347,-52.9236,770
65954900,-26.0389,-52.9331,767
65954400,-26.0617,-52.9222,693
65954200,-26.0864,-52.9394,650
65950200,-26.0817,-53.0739,336
65948000,-26.1525,-53.02,272
65945600,-25.9922,-52.7858,585
65945500,-25.9972,-52.785,580
65945400,-25.9972,-52.7856,578
65945200,-26.01,-52.7939,565
65928000,-25.9833,-52.75,3670
65927001,-26.0289,-52.6281,3390
65894991,-25.5331,-53.0106,45800
65889700,-25.4103,-52.7406,409.62
65883051,-25.6103,-52.6164,43900
65875500,-25.7808,-52.4917,0
65855110,-25.5089,-52.2292,1510
65855080,-25.4878,-52.2156,1500
65854500,-25.3811,-52.0261,767
65832000,-25.9722,-52.1514,28.7
65831900,-25.9797,-52.1614,23.58
65831020,-26.0411,-52.175,395
65831000,-26.0528,-52.1783,386
65826612,-25.7542,-52.0872,4670
65825497,-25.7019,-52.005,4090
65824991,-25.6558,-51.9522,3910
65819300,-25.6119,-51.6531,0
65815060,-25.5044,-51.7864,2200
65815050,-25.5383,-51.8189,2220
65815040,-25.5353,-51.8158,0
65813100,-25.4878,-51.7378,1860
65812000,-25.4528,-51.6358,0
65809000,-25.3978,-51.4358,314
65808500,-25.4431,-51.4464,0
65803001,-25.7883,-52.1147,34400
65775901,-26.0931,-51.8797,1610
65775800,-26.1239,-51.8739,346
65774400,-26.0094,-51.6647,30100
65764001,-25.8075,-51.2886,976
65370001,-26.3869,-51.2719,1010
65365801,-26.1653,-51.2281,24900
65310001,-26.2281,-51.0803,24200
65293000,-26.4472,-50.9861,266
65280000,-26.4406,-50.8344,162
65275000,-26.4631,-50.8883,142
65271000,-26.4597,-50.8122,1891
65270000,-26.495,-50.7875,1100
65260001,-26.5875,-50.7283,697
65259000,-26.5936,-50.7283,300
65258000,-26.6144,-50.6761,279
65220001,-26.0192,-50.5925,18600
65175001,-26.0914,-50.3339,8050
65155001,-25.9439,-49.7961,2000
65141000,-25.9736,-52.1683,185
65140000,-25.9783,-52.2133,176
65100001,-26.1097,-49.8011,3450
65060001,-25.8756,-50.3894,6050
65035001,-25.5481,-49.8894,3620
65031500,-2.8897,-49.8747,3601
65031400,-25.5711,-49.7908,3307
65031300,-25.6014,-49.6314,2732
65028000,-25.5886,-49.6319,2740
65025000,-25.6003,-49.5133,2330
65015400,-25.5892,-49.2281,272
65010000,-25.5192,-49.1456,106
65006090,-25.4864,-49.1811,0
65004995,-25.4506,-49.1211,102
64864200,-24.7175,-53.9436,0
64864150,-24.7328,-53.8928,0
64864100,-24.7428,-53.855,0
64863100,-24.7792,-53.7608,0
64850150,-24.4203,-54.0367,750
64850100,-24.4192,-54.0286,744
64850050,-24.4717,-53.9986,700
64849000,-24.3939,-54.1383,853
64815000,-24.1331,-53.3167,2960
64785000,-24.5544,-52.9014,1340
64773890,-24.7436,-52.4753,1680
64773880,-24.7478,-52.4681,1672
64773750,-24.7644,-52.4308,161
64773500,-24.7247,-52.3931,1051
64767000,-24.9467,-52.5964,3540
64682000,-23.4414,-52.6047,818
64675002,-23.6747,-52.1172,23100
64672100,-23.9947,-52.2317,904
64671600,-24.0561,-52.2903,714
64671500,-24.0864,-52.3008,582
64670011,-24.1047,-52.3283,571
64670005,-24.2067,-52.3825,127
64645000,-24.3419,-51.4244,8540
64633050,-24.6894,-51.5181,878
64633000,-24.6942,-51.5194,873
64632000,-24.7769,-51.4289,339
64631800,-24.7878,-51.4308,335
64630100,-24.9228,-51.3975,467
64630050,-24.9408,-51.3844,442
64609000,-22.3981,-54.7919,5700
64575001,-22.7183,-53.1767,673977
64571080,-22.6042,-52.8753,101000
64565500,-22.7231,-52.2786,960
64562000,-22.525,-52.0289,1396
64560000,-22.6106,-52.0017,5040
64547600,-22.9781,-51.8328,1230
64547500,-22.9864,-51.8222,1220
64546900,-23.0336,-51.7531,1060
64545860,-23.0981,-51.6378,800
64545840,-23.1239,-51.5917,770
64541000,-23.3258,-51.845,1240
64535080,-22.5406,-52.0003,88800
64516080,-22.6628,-51.3594,84700
64515920,-22.9408,-51.3244,0
64508500,-23.17,-50.7881,1050
64507000,-23.2497,-50.9839,21900
64506000,-23.3119,-50.9953,21900
64504210,-23.4653,-51.3094,20700
64501000,-23.6372,-50.9233,18700
64497010,-23.7494,-50.9081,547
64497000,-23.7489,-50.9406,536
64494000,-23.7306,-51.0378,450
64491000,-24.0322,-50.6925,16100
64490800,-24.045,-50.7128,14000
64489000,-24.0633,-50.7014,15423
64482000,-24.3603,-50.5939,13800
64480995,-24.4875,-50.3622,2240
64478150,-24.7278,-50.1211,1700
64478100,-24.7364,-50.1189,1688
64477000,-24.7506,-50.0881,1590
64474800,-24.7822,-50.0175,1200
64469850,-24.5275,-50.4072,8836
64464995,-24.5122,-50.4111,8920
64461000,-24.6533,-50.4528,759
64452190,-25.0356,-50.1025,450
64450001,-25.0222,-50.0569,400
64444000,-25.0756,-50.3889,4580
64441020,-25.4642,-50.5331,226
64390000,-23.1225,-50.4503,3386
64370000,-23.0858,-50.2853,5637
64362001,-23.3433,-50.1628,0
64360000,-23.7667,-49.95,2020
64345080,-22.9439,-50.5169,41300
64345075,-22.9378,-50.2492,39600
64334000,-22.8694,-49.9881,1049
64332080,-22.905,-50.0014,38800
64328050,-22.7739,-49.7408,3880
64320010,-22.9072,-49.6253,4270
64314950,-22.8886,-49.2011,450
64314900,-22.875,-49.2142,3436
64314700,-22.8453,-49.1622,3100
64310000,-22.9589,-48.9794,412
64309900,-22.9586,-48.9794,0
64309000,-22.9542,-48.7392,785
64308990,-22.9539,-48.7378,788
64278500,-23.0714,-49.8464,27945
64278080,-23.0678,-49.8375,28200
64270080,-23.1281,-49.7317,27800
64250010,-23.7331,-49.4303,1450
64247000,-23.7233,-49.5558,4230
64242000,-23.9767,-49.5958,1690
64241400,-24.1333,-49.6444,2028
64241300,-24.1364,-49.6511,1960
64241200,-24.2236,-49.6886,1400
64240000,-24.2642,-49.7317,969
64232000,-24.0244,-49.4617,1550
64231000,-24.0328,-49.4614,1550
64230800,-24.0481,-49.4578,1557
64230600,-24.0919,-49.4228,666
64230500,-24.1,-49.4667,689
64230450,-24.1092,-49.4697,686
64230400,-24.1503,-49.4853,572
64230350,-24.1683,-49.4914,543
64230300,-24.1822,-49.4908,555
64230250,-24.2056,-49.4856,531
64230230,-24.2228,-49.4858,531
64230200,-24.2411,-49.485,505
64221500,-23.1789,-49.3922,18408
64221000,-23.1869,-49.3842,18407
64220050,-23.1792,-49.3922,18300
64219200,-23.1603,-49.3786,18401
64219080,-23.1544,-49.38,18400
64215080,-23.21,-49.2292,17900
64198000,-23.7786,-49.0542,2110
64182000,-24.1336,-48.9664,412
64181000,-24.1342,-48.9667,410
64119000,-23.7986,-48.5867,2010
64115000,-24.0178,-48.7242,753
64114000,-24.02,-48.7222,755
64105800,-24.0625,-48.7244,768
64105000,-24.0644,-48.7269,710
64101000,-24.1683,-48.7142,645
64100000,-24.1692,-48.7131,579
64099000,-24.1886,-48.7297,75
64098000,-24.2133,-48.7061,510
64080000,-23.5928,-48.4914,5860
64007000,-23.8122,-47.67,10.3
64006900,-23.8142,-47.6728,10.3
64006500,-23.8403,-47.6531,240
63995090,-22.5072,-53.0133,572000
63995080,-22.4817,-52.9564,572000
63970000,-21.6633,-52.8675,31000
63968000,-21.6633,-52.8672,31000
63921000,-20.6808,-53.5564,10300
63920080,-20.6744,-53.5667,10300
63910000,-20.4408,-53.7175,8775
63905000,-20.4364,-53.7547,4611
63850000,-19.8808,-53.9408,1130
63805000,-21.7244,-51.2767,6840
63400000,-21.0033,-52.1678,21300
63270000,-20.0775,-53.1769,0
63260000,-20.0594,-53.18,0
63259000,-19.9353,-53.1825,0
63257000,-20.0486,-53.2972,0
63250950,-19.9794,-53.2694,271
63250910,-19.8744,-53.3686,271
63250900,-19.8789,-53.3636,6245
63250880,-19.8758,-53.3675,6145
63250850,-19.7936,-53.4861,0
63250800,-19.7394,-53.4519,6245
63250700,-19.6106,-53.4783,6245
63170100,-21.4592,-50.9211,7660
63007080,-20.7814,-51.6333,476000
63003200,-20.205,-52.0878,20300
63001740,-19.5481,-52.505,4224
63001680,-19.4375,-52.4639,3747
63001675,-19.2878,-52.4006,4600
63001670,-19.2856,-52.4003,3382
63001650,-19.23,-52.3653,4600
63001642,-19.2067,-52.3378,820
63001638,-19.2033,-52.3522,2174
63001635,-19.2,-52.3533,2172
63001608,-19.1411,-52.3814,1787
63001605,-19.0656,-52.5017,1103
63001603,-19.0606,-52.5286,1000
63001602,-19.0578,-52.5317,998
63001580,-19.5328,-52.5203,7288
63001560,-19.4764,-52.5397,7240
63001263,-19.3044,-52.6719,218
63001260,-19.3011,-52.6881,6520
63001260,-19.3011,-52.6881,6520
63001230,-19.245,-52.8794,5600
63001228,-19.245,-52.8808,5600
63001225,-19.2525,-52.8844,278
63001223,-19.0614,-52.9947,0
63001130,-19.0531,-52.9936,1140
63001125,-19.0406,-53.0019,991.16
63001120,-18.9478,-53.0239,686
63001117,-18.8814,-53.0739,522
63001100,-18.5589,-53.1375,1380
63001080,-18.5586,-53.1331,1379
63000100,-18.5478,-53.1228,1265
63000050,-18.4389,-53.0508,366
62900080,-20.6711,-51.2986,71000
62885700,-20.6264,-51.08,0
62885600,-20.5664,-51.0675,0
62871000,-20.9033,-50.2569,373
62849500,-21.2739,-50.2917,379
62829580,-21.1156,-50.2025,62300
62824000,-21.2039,-49.8792,419.37
62823000,-21.3572,-49.8444,549.9
62820080,-21.2967,-49.7839,57700
62820020,-21.1333,-49.2792,396
62817900,-21.7211,-49.5606,801
62815200,-21.8083,-49.1936,0
62800000,-21.6997,-49.0106,2710
62790080,-21.7575,-48.9914,44600
62780700,-21.8194,-48.8281,4121
62776800,-21.8494,-48.4917,2430
62776780,-21.8503,-48.4892,2385
62776750,-21.8478,-48.4903,2380
62776580,-21.8558,-48.3869,2170
62776450,-21.915,-48.2317,1650
62774500,-21.8881,-48.1472,237
62774000,-21.8881,-48.1422,234
62761250,-22.0736,-48.0628,775
62761200,-22.0744,-48.0453,768
62761000,-22.1114,-47.9964,609
62760800,-22.1244,-47.9319,569
62760044,-22.1611,-47.9014,218
62760043,-22.1678,-47.9036,21831
62758000,-21.9531,-49.0269,217.8
62752000,-22.0775,-48.4842,1800
62744080,-22.1533,-48.7525,36400
62743000,-22.205,-48.6525,642
62741000,-22.2619,-48.81,594
62729080,-22.5194,-48.5344,32800
62727500,-22.5131,-48.6439,944
62727300,-22.5269,-48.6486,935
62726800,-22.5953,-48.6997,684
62714000,-22.6928,-47.7781,10800
62707500,-22.7003,-47.7108,9050
62707300,-22.7161,-47.6511,8900
62705000,-22.7253,-47.6594,8900
62693000,-22.6967,-47.2878,2830
62692900,-22.6981,-47.2842,2830
62690500,-22.7447,-47.1492,2735
62681000,-22.7756,-46.9931,2490
62679000,-22.93,-46.8989,2130
62678900,-22.9339,-46.8958,2062
62674000,-23.0039,-46.7653,1870
62671200,-23.1058,-46.5958,1354
62638350,-22.6603,-47.2789,284
62638300,-22.6239,-47.275,260
62606000,-22.8186,-46.8844,2060
62605900,-22.8194,-46.8778,2056
62605100,-22.8506,-46.7797,1800
62600000,-22.8831,-46.6319,1690
62596150,-22.9064,-46.5169,1357
62560000,-22.9575,-47.8208,16100
62557000,-23.1461,-47.7956,5050
62556900,-23.1489,-47.795,5080
62512092,-23.5414,-47.3944,1065
62512090,-23.5508,-47.4411,1008
62512080,-23.5747,-47.4389,968
62512050,-23.5772,-47.4386,967
62510100,-23.5903,-47.4161,945
62510080,-23.6125,-47.3969,933
62473200,-23.6411,-47.1633,292
62472800,-23.7197,-47.1872,165
62400600,-23.1083,-47.1806,824
62379050,-23.2033,-47.3017,7890
62379000,-23.2094,-47.295,7890
62378900,-23.2556,-47.2583,0
62376000,-23.355,-47.0828,5860
62375000,-23.3625,-47.0375,5660
62373000,-23.3828,-47.0286,5850
62370100,-23.3914,-47.0039,5649
62370000,-23.3917,-46.9947,5630
62360060,-23.3678,-46.7547,530
62346000,-23.3164,-46.6039,0
62335000,-23.4411,-46.9089,4670
62285002,-23.7031,-46.6739,4133
62271000,-20.1144,-41.7856,167.39
62265100,-23.8172,-46.5203,4693
62265000,-23.3639,-46.4678,4723
62020080,-20.3797,-51.3686,377000
62019700,-20.5233,-50.5922,3364
61998080,-19.8628,-50.3475,139000
61997000,-20.1772,-50.0275,710.5
61991000,-20.1664,-49.6533,9130
61945080,-19.79,-49.6531,2660
61941080,-20.3011,-49.1967,118515
61924950,-20.4872,-48.4242,0
61915005,-21.0169,-48.1783,17300
61909100,-21.7833,-47.7906,343
61909050,-21.8983,-47.7753,270
61902000,-21.8461,-47.4742,10100
61899000,-21.9108,-47.3989,9670
61898500,-21.9269,-47.3253,9540
61895075,-21.8744,-46.8922,888
61895070,-21.8747,-46.8867,888
61895050,-21.9297,-46.8164,0
61895040,-21.9381,-46.8156,756
61895020,-21.9389,-46.8161,756
61895000,-21.9783,-46.8069,622
61890800,-22.0981,-46.5672,196
61890000,-22.025,-47.2872,6750
61884090,-22.3744,-46.9175,3800
61884080,-22.3797,-46.9006,3800
61880000,-22.3858,-46.7947,1390
61878500,-22.6056,-46.5064,466
61875000,-22.4258,-46.8172,269
61874000,-22.3161,-46.8106,1980
61873700,-22.2656,-46.6922,1171.8
61873600,-22.2592,-46.675,1250
61872600,-22.2797,-46.7594,1376
61872500,-22.2761,-46.7622,1294
61872200,-22.2758,-46.7453,1290
61871100,-22.2606,-46.7186,1281
61869700,-22.2661,-46.6922,1245
61865500,-22.27,-46.6042,933
61861010,-22.3183,-46.3219,404.02
61855000,-20.9086,-48.0875,12400
61834000,-21.1036,-47.7572,10700
61833000,-21.1017,-47.7586,10700
61830000,-21.3183,-47.4767,8490
61829600,-21.4142,-47.3353,7820
61828500,-21.4239,-47.325,7812
61828000,-21.4569,-47.2711,7698
61826000,-21.4203,-46.9622,649
61820000,-21.6236,-47.0353,4440
61819080,-21.6253,-47.0094,4430
61818080,-21.6014,-46.9494,4350
61817004,-21.5739,-46.8803,4060
61816500,-21.6206,-46.7967,319
61816200,-21.6264,-46.79,306
61815850,-21.5844,-46.7475,3100
61812000,-21.5583,-46.6583,2560
61811080,-21.575,-46.6236,2560
61810800,-21.5308,-46.6178,378
61807800,-21.7017,-46.5753,55
61807500,-21.7217,-46.5819,55
61807002,-21.7286,-46.6033,480
61806350,-21.7633,-46.605,1.7
61806300,-21.7678,-46.6075,455
61806200,-21.7717,-46.6044,455
61806100,-21.7758,-46.6028,1.7
61802502,-21.7217,-46.4556,1660
61796080,-20.1269,-48.5719,77200
61795100,-19.9094,-48.3911,1980
61787000,-20.2497,-48.1561,5890
61784500,-20.4375,-47.8906,4830
61784400,-20.4381,-47.8881,0
61783450,-20.55,-47.8153,4640
61783445,-20.5481,-47.8136,113
61783300,-20.5814,-47.78,4611
61783100,-20.6042,-47.7392,4429
61782800,-20.625,-47.7033,4116
61782100,-20.6436,-47.6753,3890
61782080,-20.6661,-47.6536,3915
61780800,-20.7083,-47.5853,3680
61776900,-20.7694,-47.4667,2900
61775000,-20.8414,-47.3139,503
61774800,-20.8397,-47.3019,502
61774600,-20.8411,-47.2942,497
61774200,-20.8533,-47.2669,476
61772000,-21.0856,-47.1494,449
61760080,-20.0344,-48.2222,67600
61758000,-20.1631,-47.8811,1301
61757000,-20.2142,-47.7064,68.4
61740080,-19.9922,-47.7583,63500
61740040,-19.9564,-47.6086,63440
61734080,-20.0211,-47.4358,62700
61731080,-20.1533,-47.2794,61100
61731000,-20.2617,-47.2506,0
61730080,-20.2842,-47.0636,59600
61712000,-20.6764,-46.8411,867
61710000,-20.8097,-46.8067,498
61699800,-20.8128,-46.8106,473
61696000,-20.6689,-46.8014,1456
61689000,-20.8017,-46.7053,1230
61688000,-20.8072,-46.7092,1227
61685000,-20.7706,-46.7197,1297
61684900,-20.7822,-46.7222,1248
61684500,-20.8389,-46.7044,1207
61684000,-20.8533,-46.7031,1190
61661010,-20.6753,-46.3386,52000
61661000,-20.6717,-46.3175,52000
61566000,-21.7383,-45.9583,724
61538000,-21.6069,-45.5086,6304
61537000,-21.6108,-45.4889,6300
61536100,-21.5256,-45.4606,6304
61536000,-21.5931,-45.4272,6184
61534000,-21.6414,-45.4,570
61528000,-21.6667,-45.3089,0
61526080,-21.9242,-45.4708,56.7
61511000,-21.7031,-45.2481,4174
61487080,-22.1597,-45.2828,167
61487000,-22.1619,-45.2772,161
61465600,-22.1156,-44.8397,84.1
61465500,-22.1158,-44.8394,84.1
61448880,-21.8064,-46.1353,344
61424900,-21.5861,-45.6631,0
61410000,-22.0536,-45.6992,7330
61395100,-20.4897,-47.8564,150
61395000,-20.4944,-47.8589,150
61370000,-22.3542,-45.8539,676
61342000,-21.9214,-45.4236,0
61305000,-22.2508,-45.7089,2810
61284500,-22.3717,-45.3472,507
61284000,-22.3692,-45.3344,501
61271000,-22.4458,-45.4242,869
61268800,-22.4853,-45.3483,157
61268750,-22.4936,-45.33,150
61268700,-22.4992,-45.3139,126
61262100,-22.5356,-45.3617,137
61262080,-22.5475,-45.3619,199.86
61262050,-22.5528,-45.365,199.86
61255300,-22.6011,-45.5483,31.73
61255100,-22.6122,-45.5661,29.19
61203000,-20.4517,-45.1531,2013
61198100,-20.8242,-45.0639,1506.003
61198080,-20.8178,-45.0603,1320
61197900,-20.7494,-44.9819,1106.793
61196000,-20.7711,-44.6978,258
61195700,-20.7747,-44.6956,258
61176000,-21.2331,-45.1736,1060
61150001,-21.1903,-45.0569,15800
61146080,-21.1417,-45.0353,15720
61135002,-21.1383,-44.7439,6050
61135000,-21.1425,-44.7397,6070
61116000,-21.08,-44.2339,0
61114500,-21.055,-44.21,0
61114000,-21.0544,-44.2036,0
61112000,-21.0208,-44.1483,0
61106900,-21.0939,-44.5839,0
61106800,-21.1214,-44.2344,2718
61078600,-21.3375,-44.8725,0
61078500,-21.3203,-44.87,1820
61065090,-21.2842,-44.6336,0
61065080,-21.2928,-44.6233,0
61061080,-21.325,-44.6161,6230
61060001,-21.6708,-44.3539,2050
61060000,-21.6889,-44.3508,1960
61040000,-21.9986,-44.4044,49.3
61031900,-22.0056,-44.4064,49.3
61024001,-21.9794,-44.6022,536
61014950,-22.23,-44.6661,172.55
61014920,-22.2317,-44.6675,172
61012001,-21.4925,-44.3267,2230
61009001,-21.9478,-44.1953,509
60975000,-19.2964,-51.1319,7010
60968000,-19.1075,-51.7208,4700
60961050,-18.8297,-52.1717,1850
60961030,-18.8197,-52.175,1850
60960800,-18.7506,-52.2394,1530
60960700,-18.74,-52.2836,1444
60960650,-18.7372,-52.2931,1444
60959800,-18.8,-52.3606,883
60959700,-18.7869,-52.375,883
60959600,-18.7444,-52.4117,883
60959500,-18.7667,-52.4431,883
60955000,-19.1978,-50.9556,7530
60944500,-18.7381,-51.7953,3923
60944000,-18.7317,-51.7989,3920
60943000,-18.6792,-51.8672,4050
60941000,-18.58,-52.0986,199
60935000,-18.4653,-52.3764,2690
60931000,-18.3658,-52.4758,1190
60927000,-19.22,-50.6764,3520
60921600,-19.1494,-50.7422,11957
60921500,-19.1617,-50.7619,11800
60920700,-18.9444,-50.9672,11400
60920500,-18.8131,-51.1694,10900
60920400,-18.8086,-51.1694,10961
60910300,-18.5756,-51.4736,9600
60910200,-18.4997,-51.5708,1110
60910100,-18.3753,-52.015,7000
60908000,-19.1164,-50.6417,13636
60906000,-19,-50.7056,13427
60905900,-18.8386,-50.9403,12865
60904000,-18.7258,-51.0044,12600
60903800,-18.7217,-51.0033,12573
60902000,-18.5358,-51.1444,12100
60901800,-18.5306,-51.1478,12050
60901000,-18.3019,-51.1494,2670
60898000,-18.0725,-51.1711,2030
60897500,-18.0708,-51.1731,2034
60897000,-18.0167,-51.2019,1950
60896000,-17.9772,-51.205,1750
60895500,-17.8669,-51.3808,1290
60891000,-18.3381,-51.2594,8720
60890000,-18.0856,-51.6175,6880
60889000,-17.9558,-51.7192,4730
60888000,-17.9467,-51.7267,4745
60886000,-17.9258,-51.7497,4590
60884000,-17.8197,-51.8233,4450
60883000,-17.6508,-52.0075,2110
60877080,-18.9889,-48.1903,170898.2
60854900,-19.0531,-49.6775,5185
60845500,-18.8622,-49.7339,7026
60842800,-18.9489,-49.3828,5920
60842600,-18.9411,-49.355,5900
60842200,-18.9458,-49.025,840
60842001,-19.0394,-49.0092,3800
60835000,-19.2369,-48.5667,1510
60805100,-18.0708,-50.1722,30925.2
60798000,-17.9678,-50.3325,12800
60794000,-17.7431,-50.4536,9837
60793000,-17.7289,-50.4522,9661
60791800,-17.6539,-50.4767,9518
60790001,-17.5408,-50.5556,6779
60787000,-17.4736,-50.5331,7007
60783000,-17.3661,-50.6419,6041
60781000,-17.3258,-50.6819,5950
60772000,-17.9808,-50.2469,17300
60765000,-17.7322,-50.1808,7890
60714000,-17.1083,-49.6892,4655
60711010,-17.9744,-51.7603,1326
60711000,-17.9733,-51.7619,1324
60710900,-17.9847,-51.7867,1311
60710800,-17.8692,-51.9339,535
60680004,-18.4775,-49.615,12283.13
60680000,-18.3489,-49.6017,11500
60670100,-17.3878,-49.2178,6120
60655500,-17.1939,-49.1208,0
60655001,-16.9919,-49.0636,5074
60650000,-16.6811,-49.1964,2830
60641100,-17.4208,-50.5269,240
60640100,-16.6128,-49.2811,1740
60640000,-16.6136,-49.2797,1740
60635200,-16.5694,-49.3292,1650
60634940,-16.3503,-49.4992,530
60626000,-18.4914,-49.5181,99600
60625080,-18.5019,-49.4914,99700
60622100,-18.5247,-49.2181,0
60622000,-18.525,-49.2156,1778.91
60621900,-18.5297,-49.2053,1765.74
60618000,-18.6664,-49.0636,1029
60617000,-18.6892,-49.0094,967
60614000,-18.5097,-49.2475,98970
60610080,-18.4081,-49.0989,94700
60591000,-17.7478,-48.8444,2410
60570080,-17.9878,-48.5328,27800
60564000,-17.5331,-48.5069,3310
60551000,-18.4903,-46.9281,181.9
60550900,-18.4889,-46.9275,181.88
60544990,-17.3283,-48.2392,20700
60540000,-17.1314,-48.1372,3680
60510100,-17.0169,-47.9275,0
60500200,-16.7875,-47.8856,5500
60500100,-16.7856,-47.8844,5472
60500000,-16.5375,-47.8006,4130
60492200,-16.0633,-47.6797,2360
60492000,-16.0508,-47.7442,146
60491000,-16.0356,-47.6853,98.9
60480550,-15.8925,-47.7228,69.5
60480310,-15.8753,-47.7228,54
60479280,-15.7911,-47.7622,1010
60479270,-15.7975,-47.7839,0
60479230,-15.7972,-47.7842,0
60478610,-15.8558,-47.8575,32.15
60478482,-15.945,-47.9383,11.9
60478481,-16.0497,-47.9378,0
60478480,-16.0647,-47.9425,49
60478251,-15.8194,-47.9556,0
60478185,-15.8753,-47.9661,0
60477607,-15.7283,-47.91,723
60477380,-15.7219,-47.8681,245
60477100,-15.6689,-47.9536,106.13
60474300,-15.7272,-47.6967,0
60473000,-15.6572,-47.6247,214.99
60472240,-15.6397,-47.5742,184.08
60472235,-15.6144,-47.5456,127
60454000,-16.7933,-47.9322,0
60453500,-16.7872,-47.9408,0
60453000,-16.6022,-48.0989,0
60448000,-16.3089,-48.0878,0
60444980,-16.3256,-48.1814,7230
60444950,-16.3211,-48.1869,0
60444850,-16.1264,-48.1494,572
60444700,-16.3269,-48.5953,673
60444500,-16.1544,-48.6664,1607
60444035,-16.0467,-48.0822,45.3
60443830,-16.0372,-48.1361,187
60439500,-16.0714,-48.3686,1226
60436400,-16.0528,-48.2444,77.5
60436350,-16.0211,-48.2703,930
60436186,-15.9311,-48.2575,0
60435500,-15.7778,-48.2314,433.37
60435405,-15.7622,-48.1594,0
60435200,-15.725,-48.1683,111.96
60391200,-18.6772,-48.5114,1687
60391000,-18.6814,-48.4997,1680
60390500,-18.7694,-48.4403,1605
60390080,-18.8106,-48.3861,1530
60381001,-18.9892,-48.1903,773
60381000,-18.9883,-48.1903,777
60359080,-18.6597,-48.4375,19200
60358080,-18.7892,-48.1481,18400
60351080,-18.9097,-48.0408,18000
60335500,-19.2375,-47.8017,15300
60335080,-19.1333,-47.6944,15300
60290000,-19.4144,-47.0436,1140
60280000,-19.3044,-46.8339,4910
60250000,-19.5175,-46.57,1300
60230080,-19.4858,-47.5417,3580
60229800,-19.5164,-47.4983,3373
60220000,-20.0139,-47.0172,1070
60203000,-18.1472,-48.2758,4092
60202000,-18.1436,-48.2703,3818
60200500,-18.0617,-48.2094,3556
60199000,-17.9525,-48.1539,0
60191000,-17.9092,-48.0831,978
60190000,-17.9211,-48.0308,1648
60180070,-18.6875,-48.0969,384.6
60180060,-18.6919,-48.0933,382.52
60179000,-18.5883,-48.1272,0
60160080,-18.4519,-47.9844,29100
60110001,-18.4914,-47.4067,1995
60110000,-18.4911,-47.4064,1906
60038200,-18.1042,-47.6922,10600
60038100,-18.0644,-47.6731,10697
60038000,-18.0453,-47.6753,10683
60029900,-17.4778,-47.6244,507
60022000,-17.4342,-47.4822,543
60020500,-17.3422,-47.4956,6747
60020400,-17.3461,-47.4914,0
60018800,-16.7578,-47.2342,0
60018500,-16.5114,-47.4528,0
60016000,-18.1814,-47.4831,10200
60011005,-18.6025,-46.5406,3632
60010000,-18.8411,-46.5508,2730
59311100,-22.6706,-43.7531,161
59311000,-22.6717,-43.755,161
59310000,-22.6861,-43.8222,340
59309000,-22.6858,-43.825,340
59307000,-22.7022,-43.8808,302
59306000,-22.7911,-44.0503,0
59305071,-22.9578,-43.2778,2.2
59245002,-22.5644,-42.8492,353
59139800,-22.2381,-42.0631,172
59139700,-22.2389,-42.0758,164
59139500,-22.2269,-42.1006,117
59139400,-22.1789,-42.1081,112
58974000,-21.7533,-41.3003,55700
58960000,-21.4872,-41.6167,7210
58940000,-21.2072,-41.8922,5800
58934000,-20.9633,-42.0372,1340
58933000,-20.9144,-42.0353,1271
58931500,-20.9147,-42.0275,1264
58931300,-20.9036,-42.0303,178
58930500,-20.8953,-42.0056,1042
58930000,-20.74,-42.0239,773
58929000,-20.7025,-42.0381,681
58928000,-20.7028,-42.0592,673
58927000,-20.7053,-42.0739,661
58924000,-20.6222,-42.1428,328
58921500,-21.1208,-42.1969,0
58921100,-21.0314,-42.1964,162
58920000,-21.1506,-42.2144,2660
58918180,-21.0989,-42.3381,1050
58918160,-21.0847,-42.3439,308
58918140,-21.0444,-42.3375,597
58918130,-21.04,-42.3286,597
58918120,-20.9994,-42.3681,597
58918100,-20.975,-42.3525,597
58912090,-21.0133,-42.4478,197
58912080,-21.0025,-42.4756,175
58905080,-21.1967,-42.5717,231
58880001,-21.6453,-41.7522,48900
58863500,-21.9214,-42.2519,448
58863000,-21.9142,-42.2578,448
58858500,-21.9253,-42.31,376
58858000,-21.9344,-42.3242,369
58848200,-21.9119,-41.9581,3170
58847500,-21.8978,-42.0469,1547
58847000,-21.8994,-42.0478,1543.31
58846800,-21.9353,-42.0911,1490
58846700,-21.9367,-42.0906,1488
58846000,-22.0242,-42.1344,1370
58829400,-22.0944,-42.2783,1119
58829200,-22.1219,-42.3092,979
58828600,-22.1369,-42.3522,842
58828500,-22.1392,-42.3519,831.7
58828200,-22.1669,-42.3481,249
58828000,-22.1656,-42.3689,583
58792100,-21.6211,-42.1,8530
58790002,-21.5422,-42.1806,8210
58788600,-21.4453,-42.3919,0
58788500,-21.4475,-42.4056,0
58788200,-21.3636,-42.4772,0
58787000,-21.45,-42.5792,0
58770000,-21.3894,-42.6964,5880
58764900,-21.4758,-42.8453,406
58764800,-21.5183,-42.9172,406
58753180,-21.4947,-43.4189,368
58753150,-21.4889,-43.4553,221
58753140,-21.4914,-43.4719,72.3
58753120,-21.4864,-43.4589,0
58753100,-21.4831,-43.4603,2216
58753080,-21.4383,-43.5147,95.7
58746000,-21.5067,-43.3669,0
58745080,-21.4897,-43.4028,382
58737100,-20.9069,-42.6614,57.3
58737050,-20.9011,-42.6547,51.3
58736000,-21.2983,-42.8194,1280
58735000,-21.3069,-42.8619,2350
58732000,-21.3014,-42.9081,2300
58731800,-21.3036,-42.9139,162
58731700,-21.2725,-42.9383,0
58731500,-21.315,-42.945,305
58731300,-21.3361,-42.9667,1810
58731000,-21.3375,-42.9658,1790
58730100,-21.3744,-42.9942,1770
58730080,-21.3594,-43.0494,1650
58730001,-21.3556,-43.0503,1650
58729800,-21.3258,-43.0844,0
58713600,-21.3039,-43.1992,783
58713550,-21.2994,-43.2086,787
58713500,-21.2872,-43.2286,782
58712000,-21.2336,-43.3192,787
58680001,-21.6658,-42.0811,36600
58653500,-21.8353,-42.5817,34400
58652000,-21.8525,-42.6064,34300
58650500,-21.9225,-42.6169,0
58632000,-21.9203,-42.7933,33000
58630030,-22.0344,-42.9903,0
58620000,-22.0864,-43.1511,8560
58612000,-22.0914,-43.1453,0
58610500,-22.0808,-43.1517,7398
58610400,-22.0775,-43.1564,7378
58594000,-22.0075,-43.2622,7177
58593900,-22.0111,-43.2694,7175
58593800,-22.0142,-43.2831,7180
58593700,-22.0214,-43.2992,0
58591000,-22.005,-43.3211,7170
58586000,-22.0847,-43.56,3250
58585000,-22.0844,-43.5589,3110
58551000,-22.0858,-43.8183,1740
58550001,-22.0861,-43.82,1800
58548500,-22.04,-43.7681,158
58548400,-22.0397,-43.78,116
58544000,-22.1569,-44.0853,0
58543000,-22.1531,-44.0903,0
58536500,-22.185,-44.2669,54.3
58536000,-22.1806,-44.2778,58.9
58530000,-22.2708,-44.39,284
58521085,-21.9831,-43.3489,3680
58521080,-21.9783,-43.3633,3720
58520000,-21.9667,-43.3744,3640
58519050,-21.9675,-43.3736,3473
58519030,-21.9244,-43.3492,3561
58517000,-21.8769,-43.3269,1261
58512080,-21.9106,-43.5361,1750
58512075,-21.8847,-43.54,1702
58512040,-21.7767,-43.6044,1500
58512030,-21.7497,-43.6803,710
58490100,-21.8578,-43.3339,0
58489010,-21.8056,-43.3114,0
58489000,-21.7964,-43.2972,1060
58487000,-21.7869,-43.3103,1000
58480501,-21.7778,-43.3256,1015
58470800,-21.7189,-43.3947,831
58442000,-22.1414,-43.1586,2040
58440000,-22.1403,-43.1542,0
58435000,-22.2042,-43.16,368
58434500,-22.2183,-43.1653,334
58433950,-22.2994,-43.1775,287
58433900,-22.2997,-43.1789,287
58430000,-22.2,-43.1564,1610
58429500,-22.2094,-43.1386,1606
58429000,-22.2244,-43.0914,1050
58428000,-22.2261,-43.0781,1047
58421100,-22.1639,-42.8917,0
58421000,-22.1892,-42.8914,0
58385100,-22.1164,-43.2003,21600
58385000,-22.1197,-43.2075,21600
58380001,-22.1628,-43.2864,21400
58370000,-22.45,-43.7972,19800
58358000,-22.5314,-43.8186,2930
58352000,-22.6289,-43.895,0
58351500,-22.63,-43.895,2130
58351000,-22.6828,-43.8731,58
58350001,-22.6625,-43.9567,626
58347000,-22.7714,-44.0911,48.4
58345000,-22.7489,-44.1247,385
58339001,-22.5389,-43.7775,270
58338500,-22.7847,-44.1878,0
58336000,-22.7792,-44.2269,122
58335900,-22.7914,-44.2392,122
58335000,-22.8319,-44.1972,0
58318002,-22.4794,-43.8344,16700
58318001,-22.5111,-43.8244,16800
58318000,-22.4819,-43.8386,16600
58315000,-22.4983,-43.93,16400
58305000,-22.5008,-44.0908,16000
58300000,-22.5375,-44.1758,15800
58286000,-22.5419,-44.2375,389
58242000,-22.5003,-44.5542,13400
58240080,-22.5303,-44.5669,13400
58235000,-22.5403,-44.7739,12800
58234880,-22.5681,-44.8636,12633
58230600,-22.545,-44.7919,12740
58230500,-22.5453,-44.7961,12732
58230150,-22.5833,-44.9556,12177
58218000,-22.6617,-45.0125,11500
58214250,-22.7072,-45.1278,11117
58212150,-22.7469,-45.1883,172
58204000,-22.8119,-45.1825,10800
58183000,-22.9117,-45.47,9600
58128200,-23.1992,-46.0183,1300
58128100,-23.1936,-46.0258,1300
58120000,-22.9475,-45.9194,456
58116900,-23.3303,-46.2811,350
58105300,-23.4153,-46.0244,5210
58096000,-23.3672,-45.8778,4920
58095000,-23.3731,-45.8694,4920
58087300,-23.4144,-45.6081,4150
58087080,-23.4131,-45.6025,4150
58068000,-23.4211,-45.2889,437
58041000,-23.2375,-45.3064,1920
58040000,-23.2386,-45.3067,1950
57836000,-21.2067,-41.3467,3223
57835000,-21.1986,-41.3756,3220
57830000,-21.2061,-41.4639,2720
57779000,-21.1697,-41.5756,2623
57775700,-21.125,-41.7119,2276
57775500,-21.1069,-41.7275,1954
57775000,-21.0822,-41.7261,1940
57774800,-21.0722,-41.7219,1894
57774000,-21.0936,-41.71,215
57769000,-21.0164,-41.7156,1900
57768000,-20.9847,-41.7119,1830
57765000,-20.9561,-41.7175,1790
57760040,-20.9172,-41.7222,1774
57750100,-20.8744,-41.7167,1712
57750000,-20.8589,-41.7419,1598
57739000,-20.7725,-41.6808,410
57735000,-20.8019,-41.7694,955
57730000,-20.7528,-41.8772,282
57729000,-20.7467,-41.8742,280
57562000,-20.8744,-41.0975,4922
57555800,-20.8367,-41.1203,4922
57555500,-20.7833,-41.1356,4653
57552000,-20.7017,-41.0894,215
57551900,-20.6956,-41.0814,207
57480000,-20.5728,-41.2356,718
57479000,-20.5083,-41.2806,479
57474000,-20.4083,-41.2689,351
57473500,-20.4,-41.2664,495
57461000,-20.7619,-41.27,2759
57439000,-20.7633,-41.5286,176
57435000,-20.715,-41.5056,1980
57433000,-20.6761,-41.4961,1464
57432000,-20.6956,-41.515,1957
57430000,-20.6739,-41.5208,497
57420000,-20.5406,-41.6656,337
57415000,-20.4578,-41.6753,214
57413000,-20.6464,-41.4764,1329
57412000,-20.6303,-41.4886,1328
57410000,-20.5861,-41.4969,1098
57390000,-20.495,-41.4858,881
57370030,-20.4675,-41.4722,606
57370020,-20.4761,-41.4772,562
57370010,-20.4567,-41.4792,605
57370005,-20.4344,-41.5008,584
57257000,-20.6169,-40.7831,379
57256800,-20.6033,-40.8056,0
57256000,-20.6097,-40.7861,98
57255000,-20.6036,-40.8169,325
57200000,-20.3944,-40.5583,388
57199000,-20.3933,-40.5728,384
57155000,-20.3569,-40.6275,1050
57151000,-20.3628,-40.64,1040
57150800,-20.3283,-40.6356,1036
57150500,-20.3172,-40.6531,1036
57120080,-20.1019,-40.5153,1020
57120050,-20.0828,-40.5767,895
57119500,-20.0572,-40.6175,673
57119000,-20.0606,-40.6433,617
57118080,-20.0489,-40.7478,414
57117000,-20.1139,-40.8153,154
56998200,-19.4153,-40.0756,82100
56994500,-19.5333,-40.6297,76400
56992480,-19.5081,-40.8639,74000
56992400,-19.5008,-40.9186,73700
56992390,-19.5094,-41.0031,71780
56992380,-19.5328,-41.0089,2130
56992370,-19.6903,-41.0267,1821
56991380,-19.9719,-41.1106,1255
56991350,-19.9689,-41.0964,1255
56991300,-19.9694,-41.0678,1267
56990850,-19.4564,-41.0956,62400
56990005,-19.4917,-41.1614,8720
56987000,-19.9828,-41.7172,1036
56986800,-19.9864,-41.7189,1030
56984000,-20.0414,-41.7503,632
56983800,-20.0461,-41.7428,630
56983500,-20.0536,-41.7328,623
56982500,-20.1628,-41.7419,341
56979600,-19.4439,-41.5878,3440
56979550,-19.4367,-41.6142,0
56979500,-19.4533,-41.6639,0
56979000,-19.4975,-41.6628,3040
56978300,-19.6111,-41.8033,2740
56978200,-19.6136,-41.8031,2690
56975500,-19.7689,-41.7883,2242.06
56975000,-19.8011,-41.7869,2193.85
56972080,-19.8275,-41.8094,2062
56972000,-19.8322,-41.8003,2060
56962080,-20.27,-41.9628,299
56960180,-19.8728,-41.8108,2055
56960150,-19.9667,-41.8514,603
56960100,-20.2278,-41.9956,0
56960080,-20.2708,-42.0469,333
56960003,-20.2358,-42.0108,577.62
56933010,-19.0633,-41.5308,0
56919500,-18.9717,-41.6417,55100
56895000,-18.8092,-41.7969,12400
56892200,-18.6031,-41.8436,9940
56892150,-18.5997,-41.8481,0
56892100,-18.5725,-41.9147,9784
56891900,-18.5747,-41.9178,9770
56885000,-18.4756,-42.0494,9139
56850000,-18.8831,-41.9508,40500
56846860,-18.7611,-42.1739,0
56846801,-18.7186,-42.2622,536
56846480,-18.72,-42.2692,536
56846200,-18.9706,-42.0883,38500
56846080,-19.0214,-42.125,38400
56846020,-18.9506,-42.3606,1970
56845150,-18.8981,-42.6825,1108
56845100,-18.8939,-42.6856,1064
56844700,-18.9456,-42.5283,1445
56844500,-18.9406,-42.5603,1430
56844000,-18.9558,-42.4711,1485
56843500,-18.9386,-42.4858,1477
56831000,-19.2369,-42.3075,34829.3
56830800,-19.3272,-42.3972,21168
56825000,-19.1881,-42.4228,10200
56820100,-19.1222,-42.6619,9560
56820080,-19.1167,-42.6631,9410
56819081,-19.1464,-42.7486,2480
56819080,-19.1653,-42.775,6530
56812000,-19.0858,-42.8525,2200
56811000,-19.0786,-42.8667,2200
56810500,-19.0711,-42.8711,0
56808000,-19.0675,-42.8894,0
56803000,-19.0567,-42.9253,2144
56802500,-19.0419,-42.9261,214.4
56802000,-19.0381,-42.9233,2012
56800800,-19.0025,-42.9467,1936
56800700,-18.975,-43.0181,1998
56800500,-18.9144,-43.0764,1936
56795000,-18.6331,-43.2078,1896
56787100,-19.3317,-43.0703,1270
56777500,-19.4233,-43.2008,780
56777000,-19.4503,-43.2408,715
56776500,-19.1717,-42.8175,6360
56719998,-19.3297,-42.3761,24200
56696000,-19.5247,-42.6408,5270
56690300,-19.52,-42.7667,124
56690200,-19.5053,-42.7697,122
56688081,-19.6378,-42.8225,4682
56688080,-19.6461,-42.85,4260
56675080,-19.6808,-42.9061,4060
56675000,-19.7083,-42.9608,4060
56674000,-19.7686,-43.0358,3052
56666000,-19.8028,-43.0067,423
56661000,-19.7667,-43.0261,3060
56660002,-19.7289,-42.9847,4047
56652000,-19.815,-43.2606,1290
56651800,-19.8139,-43.2661,1300
56651000,-19.8194,-43.3539,792
56650600,-19.8278,-43.3589,0
56650500,-19.8411,-43.3528,784
56650080,-19.8936,-43.3664,725
56640001,-19.9714,-43.4561,425
56620100,-19.8464,-43.1231,1310
56620000,-19.8561,-43.12,1298
56610100,-19.93,-43.1731,1160
56610000,-19.9317,-43.1731,1160
56599000,-19.9967,-43.2347,965.59
56568050,-19.7978,-42.3022,0
56568000,-19.8011,-42.3017,485.6
56565080,-19.8228,-42.3189,360
56565060,-19.8292,-42.3183,220.7
56539000,-19.7769,-42.4764,15900
56510100,-20.0997,-42.4489,0
56450180,-20.1203,-42.4008,1330
56450100,-20.1178,-42.3964,0
56445000,-20.1733,-42.3769,1170
56444000,-20.1831,-42.3653,1162
56443000,-20.1886,-42.3486,1090
56440000,-20.2836,-42.3392,609
56425000,-19.9944,-42.6744,10100
56401100,-19.4836,-41.0939,0
56338500,-20.1975,-42.8511,8900
56338370,-19.4992,-40.7586,0
56338360,-19.5058,-41.0139,0
56338300,-18.9706,-42.0881,0
56338260,-19.3206,-42.3644,0
56338250,-19.5542,-42.5214,0
56338200,-20.0142,-42.7444,0
56338080,-20.2064,-42.8542,8900
56338000,-20.2594,-42.895,8456
56337990,-20.2558,-42.9103,0
56337500,-20.2561,-42.9917,2229
56337200,-20.2975,-42.8922,5862
56336240,-20.2858,-43.0658,0
56336230,-20.3036,-43.2494,0
56336100,-20.2764,-43.4317,0
56335501,-20.2828,-43.0322,0
56335050,-20.3469,-43.1125,0
56230100,-20.4494,-43.2544,627
56230050,-20.4522,-43.2728,0
56220900,-20.4636,-43.4039,435.2
56212000,-20.4764,-43.4467,372
56209080,-20.4678,-43.4703,27.73
56208000,-20.4942,-43.4489,346
56194900,-20.4944,-43.5217,326
56194800,-20.4956,-43.5269,320
56149000,-20.3586,-43.2067,305
56148500,-20.3622,-43.2122,0
56110005,-20.3839,-42.9028,6230
56097000,-20.5461,-42.9694,4720
56096000,-20.545,-42.9622,5620
56094000,-20.5725,-43.0042,4680
56093000,-20.6694,-43.0875,4260
56092000,-20.6864,-43.3103,1400
56083000,-20.7772,-42.8806,25
55960000,-18.6511,-40.0889,12000
55885100,-18.6508,-40.1217,0
55810000,-18.6275,-40.1117,0
55720000,-17.8978,-40.1967,14500
55718000,-17.8783,-40.2014,14500
55664000,-17.6306,-40.6036,2778
55631000,-17.7042,-40.7617,9160
55611000,-17.7381,-41.1208,1850
55568000,-17.6017,-40.9794,5866
55566000,-17.595,-40.9867,5864
55560500,-17.4903,-41.2372,5127
55559000,-17.4278,-41.2328,2145
55510950,-17.5956,-41.4931,2082
55357000,-17.0822,-40.0772,515
55356000,-17.0756,-40.0853,338
55355800,-17.0725,-40.1058,323
55355600,-17.0706,-40.1544,288
55354100,-17.0747,-40.0692,169
55354000,-17.0656,-40.0675,168
54945000,-15.9478,-39.5225,68120
54940000,-15.9683,-39.5897,68100
54790000,-16.08,-40.0525,66600
54710500,-16.4272,-41.0131,50500
54530800,-16.7597,-42,40600
54502000,-16.8514,-42.0781,16000
54500000,-16.8508,-42.0789,16000
54200500,-16.6353,-42.2014,23681
54150001,-16.6781,-42.4867,16600
54140000,-16.7358,-42.5731,15819
54110005,-16.5925,-42.9164,4062
54095100,-16.6308,-43.3011,383.64
54095080,-16.6269,-43.3078,322.12
54010020,-17.3156,-43.2125,7708
53950000,-15.5686,-39.3044,30700
53880000,-15.6039,-39.5167,29400
53780000,-15.2414,-40.2333,2870
53713500,-14.845,-40.4747,0
53713000,-14.8436,-40.4753,0
53712000,-14.8075,-40.5033,0
53710900,-14.9361,-40.5653,0
53701500,-14.9247,-40.5928,0
53700500,-14.9475,-40.6208,0
53630000,-15.3397,-40.9328,16400
53625100,-15.4472,-40.8453,16095
53620000,-15.5133,-41.2367,13000
53540001,-15.4936,-41.4503,10800
53510100,-15.4928,-41.4519,10912.97
53510080,-15.5225,-41.5111,10700
53500001,-15.5581,-41.9778,1798.64
53493000,-15.7075,-42.1594,5520
53470000,-15.7,-42.3667,3910
53460500,-15.6686,-42.4533,2870
53320200,-15.2831,-39.1125,0
53170000,-14.8439,-39.3311,3850
53140000,-14.9339,-39.4675,2260
53130000,-15.1444,-39.7225,1360
53050000,-14.6744,-39.3769,632
52811100,-14.2086,-39.5461,47450
52790020,-14.3258,-39.4636,45400
52698000,-14.2344,-39.4589,45400
52697080,-14.2292,-39.4631,45400
52680010,-14.1444,-39.7317,46307
52570100,-13.8647,-40.0808,42890
52568080,-13.8689,-40.2358,38720
52405100,-13.8781,-40.8969,6980
52380100,-14.5694,-40.3014,0
52380000,-14.5714,-40.3017,0
52370900,-14.6186,-40.2936,0
52370010,-14.6097,-41.1375,6980
52365100,-14.9044,-41.9603,0
52365000,-14.91,-41.9628,0
52360100,-14.6286,-41.1889,7940
52360000,-14.6281,-41.1928,0
52350900,-14.7753,-41.3289,0
52300100,-14.9686,-41.4053,0
52300000,-14.9794,-41.4053,0
52290000,-15.0219,-41.4169,477
52270200,-14.3033,-42.3292,0
52270150,-14.3175,-42.3603,0
52255100,-14.4417,-41.5411,0
52255000,-14.4494,-41.53,0
52249800,-14.4725,-41.5122,0
52230000,-14.5461,-42.3219,0
52150000,-13.7603,-41.7992,0
52140000,-13.7586,-41.805,0
52138000,-13.7617,-41.9017,0
52130100,-13.5736,-41.8233,0
52130000,-13.5692,-41.8206,0
52120900,-13.4947,-41.8772,0
52080120,-14.0306,-40.9817,6980
52060100,-13.9603,-41.4703,0
52060000,-13.9069,-41.5003,3199
52059000,-13.9617,-41.4731,0
51890000,-13.5967,-39.1203,2860
51794100,-13.3511,-39.0886,1048
51794000,-13.3461,-39.1031,1047
51793900,-13.3433,-39.1289,1006
51750800,-12.9872,-38.8231,0
51750600,-13.0589,-39.2628,0
51750500,-13.0594,-39.2819,389
51490500,-12.5892,-38.9919,54000
51490080,-12.5844,-38.9989,53620
51460550,-11.5581,-40.5872,0
51460200,-11.5608,-40.6039,2070
51460130,-11.5681,-40.7172,0
51460050,-12.2331,-39.0461,11600
51432200,-11.4194,-39.4725,0
51418100,-11.5089,-40.0242,0
51418000,-11.5208,-40.0447,0
51417900,-11.6083,-40.2978,0
51370000,-12.5156,-39.3831,1910
51351000,-12.5867,-39.5217,37900
51346050,-12.4881,-39.6981,4700
51326200,-12.5142,-39.9339,5966
51326100,-12.5139,-39.9339,5890
51326000,-12.5133,-39.9339,5890
51325000,-12.3603,-40.0392,5580
51310000,-12.1811,-40.4056,2950
51290000,-12.2644,-40.4942,1710
51285000,-12.5633,-40.2231,0
51283000,-12.5356,-40.3164,0
51282000,-12.5331,-40.3475,0
51280000,-12.7622,-40.2136,22800
51279500,-12.7617,-40.2139,22800
51279000,-12.7658,-40.2144,22800
51278000,-12.765,-40.2308,22800
51272700,-12.9967,-38.6578,0
51265000,-12.7514,-40.2314,0
51264000,-12.7919,-40.3492,0
51261000,-13.0006,-40.5708,0
51240000,-12.9861,-40.9581,16500
51193000,-12.4892,-41.3289,6182
51124600,-13.0403,-40.7772,0
51124500,-13.0317,-40.8169,0
51108000,-12.9986,-41.3906,1780
51105600,-13.0194,-41.4322,0
51105500,-13.0758,-41.4397,1130
50912250,-12.8978,-38.3828,0
50912200,-12.8978,-38.3833,48
50912100,-12.8592,-38.3972,29
50909000,-12.8358,-38.3242,0
50905300,-12.6739,-38.3758,400
50903280,-12.6086,-38.4386,0
50903260,-12.6058,-38.4289,0
50843100,-12.5628,-38.1606,0
50843000,-12.5617,-38.1617,0
50842900,-12.5256,-38.2928,0
50795000,-12.5119,-38.0667,4700
50785000,-12.3761,-38.1331,4480
50660000,-12.0536,-37.755,4380
50595000,-11.7347,-37.8033,35200
50520000,-11.0603,-38.8372,26100
50497000,-11.2525,-39.0983,0
50475600,-10.6544,-39.7264,0
50475500,-10.6528,-39.7217,2390
50468000,-10.3003,-39.7847,0
50467900,-10.2556,-39.8211,0
50465000,-10.9733,-39.6328,11800
50455000,-11.2303,-39.9656,887
50454900,-11.2642,-39.9661,0
50454800,-11.2225,-40.0283,0
50429000,-11.1878,-40.0519,0
50425100,-10.8544,-40.1706,0
50425000,-10.8539,-40.1742,2430
50424900,-10.8489,-40.2681,0
50418600,-11.3511,-40.4275,0
50418500,-11.3511,-40.4319,0
50418400,-11.3864,-40.4803,0
50380400,-10.8489,-40.2681,1470
50376000,-10.4883,-40.01,0
50375000,-10.4544,-40.0203,0
50371100,-10.6003,-40.3403,0
50371000,-10.5969,-40.3428,0
50370000,-10.5933,-40.3997,0
50360900,-10.8025,-40.3803,657
50360800,-10.7972,-40.4047,0
50310000,-10.3686,-40.0975,552
50290000,-11.5397,-37.5681,4480
50240000,-11.0553,-37.9108,0
50210000,-10.9589,-37.6678,0
50195000,-11.0547,-37.4758,103
50191000,-10.9431,-37.3469,15900
50187200,-10.9172,-37.2053,0
50169500,-10.6392,-37.6969,14300
50151600,-10.5675,-38.0669,0
50151500,-10.5706,-38.0706,304
50151400,-10.5858,-38.1033,0
50143100,-10.2853,-38.0536,11000
50143000,-10.2769,-38.0544,0
50142900,-10.2178,-38.0628,625
50142800,-10.2236,-38.1044,0
50142300,-9.8817,-38.8667,0
50142100,-9.8833,-39.0378,3720
50139500,-9.8814,-39.0394,0
50138900,-9.8553,-39.2278,504
50082000,-10.7203,-37.2886,0
50081000,-10.6756,-37.3606,0
50080000,-10.6642,-37.1903,2070
49706250,-10.2881,-36.5856,625600
49706000,-10.2142,-36.825,0
49705000,-10.2139,-36.8239,631000
49640000,-9.6794,-36.9772,0
49620000,-10.1939,-37.2272,0
49601000,-10.1147,-36.6131,0
49550000,-9.8961,-37.2425,0
49405000,-9.2847,-36.7014,0
49384000,-8.6122,-36.9122,0
49369800,-8.6314,-37.1319,0
49369500,-8.4953,-36.9436,0
49340200,-9.9725,-37.0025,622600
49340100,-9.6267,-37.7564,604000
49340080,-9.6181,-37.79,608700
49210080,-9.3908,-38.2033,599000
49210070,-9.4167,-38.2083,603683
49208080,-9.3575,-38.2075,603.68
49140000,-8.5089,-37.7031,4753
49092000,-8.0769,-37.6019,0
49091000,-8.0811,-37.3133,0
49090000,-8.0672,-37.2214,0
49042580,-9.1436,-38.3131,591465
48881000,-8.4686,-38.2236,53
48853000,-8.4464,-38.0744,0
48851000,-8.2042,-38.5278,0
48850001,-7.3189,-37.3044,10000
48841500,-7.9739,-38.3233,0
48840900,-7.7811,-38.8819,71
48839000,-8.0011,-38.2419,0
48822000,-7.7722,-37.4717,0
48815000,-7.6575,-37.6503,0
48807000,-7.7825,-37.7889,0
48805000,-7.7444,-37.6222,0
48803000,-7.6394,-37.3567,0
48802500,-7.4761,-37.2944,0
48699001,-8.7658,-38.9631,564603
48590001,-8.6261,-39.245,554700
48580000,-8.8092,-39.8256,529800
48575000,-8.0286,-39.0592,195
48573000,-8.0581,-39.0522,0
48570000,-9.4064,-40.5033,510800
48550000,-8.3911,-39.0672,0
48450000,-8.2283,-39.8956,5100
48439500,-8.1944,-40.4239,0
48439100,-7.5761,-40.4725,0
48439030,-7.6297,-39.5361,0
48439000,-7.8961,-40.1497,0
48410000,-7.8714,-39.9325,0
48408000,-7.9942,-39.7711,423
48407000,-8.0878,-39.4275,0
48396500,-7.8661,-39.185,175
48396000,-7.7258,-39.2664,0
48395500,-8.5731,-39.4619,555000
48380000,-7.7706,-40.3767,0
48376000,-7.7144,-40.5894,0
48258100,-9.5781,-39.885,0
48258000,-9.5825,-39.8847,0
48257900,-9.6564,-39.8886,0
48177000,-8.2275,-39.3728,0
48055000,-9.7478,-40.1733,0
48050000,-9.7492,-40.1714,0
48049000,-9.7975,-40.13,0
48020000,-9.4064,-40.5036,516000
47771000,-9.45,-40.8,498425
47750080,-9.4392,-40.8317,498425
47221000,-11.5483,-42.3361,1438
46998000,-11.0928,-43.1403,425000
46902000,-11.345,-43.8261,65900
46870000,-11.2356,-43.9494,22000
46770000,-10.9936,-45.5278,6930
46675000,-11.6106,-44.1567,39600
46590000,-11.8561,-45.12,7480
46570500,-11.9033,-45.6967,1782
46550000,-12.1525,-45.0094,24400
46543000,-12.1358,-45.1033,5380
46527000,-12.8317,-45.3061,487
46520000,-12.1944,-45.4897,1480
46455000,-12.4106,-45.1222,6350
46453500,-12.4286,-45.1528,6533
46453000,-12.4456,-45.1656,6150
46451000,-12.4525,-45.1903,6369
46450500,-12.4675,-45.2186,6250
46417000,-12.6897,-45.8508,420
46415000,-12.4306,-45.0856,4950
46360001,-11.5583,-43.2825,344800
46360000,-11.5583,-43.2825,345000
46230100,-13.44,-42.2219,0
46230000,-13.4356,-42.2106,0
46220900,-13.4225,-42.1608,0
46150001,-12.1825,-43.2231,323000
46038000,-13.0142,-42.5547,0
45960001,-13.2914,-43.9089,31000
45910001,-13.4006,-44.1989,29600
45880000,-13.5586,-44.3031,9550
45863000,-14.3972,-45.5197,1038
45850000,-13.9875,-45.3881,735
45840000,-13.7122,-44.6383,7130
45770000,-13.4528,-44.5689,5540
45764900,-13.6547,-45.0697,0
45760000,-13.7372,-45.4639,1520
45740001,-13.2853,-44.5617,7950
45701000,-13.2211,-45.1525,1978
45600000,-13.3344,-44.6208,3885
45595000,-13.3389,-44.6328,3880
45590000,-13.3406,-44.6386,3900
45588000,-13.3408,-44.6414,0
45586000,-13.3406,-44.6858,3650
45480000,-13.2572,-43.435,271000
45470900,-13.2569,-43.4353,272600
45400000,-13.5983,-42.87,0
45399000,-13.5919,-42.8622,0
45299180,-14.3725,-42.8031,0
45298900,-14.2953,-42.6453,0
45298000,-14.3044,-43.7633,254000
45154000,-14.2347,-44.6217,1349
44940000,-14.9228,-43.5014,22900
44907030,-15.8283,-43.2625,1630
44883000,-14.8253,-42.8069,0
44882900,-14.8458,-42.7586,0
44882000,-14.7664,-42.7944,0
44881900,-14.7331,-42.6939,0
44670000,-15.3431,-43.6756,12200
44640000,-15.7372,-43.5864,9450
44637900,-15.9408,-43.6419,0
44634500,-16.065,-43.7306,0
44630500,-16.1758,-43.7711,3750
44350000,-16.1086,-43.8561,884
44252000,-15.5136,-44.7539,0
44200000,-15.9494,-44.8678,184000
44190900,-15.9494,-44.8681,182537
43980002,-16.2681,-45.2369,24600
43300001,-15.5225,-46.2864,0
43200000,-16.3725,-45.07,154000
43190900,-16.3725,-45.07,153702
42980500,-16.5872,-45.1336,0
42480400,-16.1783,-47.0028,0
42480300,-16.19,-47.0256,4775
42480200,-16.1867,-47.0258,4771
42470500,-16.1917,-47.1692,4760
42459080,-16.2106,-47.3233,3657
42458300,-16.1936,-47.175,483
42458200,-16.2125,-47.2069,101.53
42454000,-16.0358,-47.415,98.7
42452200,-15.9514,-47.1669,1062
42450900,-15.9739,-47.3986,0
42450740,-15.8597,-47.4756,0
42450600,-15.9428,-47.3636,0
42450510,-15.8458,-47.3853,0
42450370,-15.7725,-47.3989,0
42450360,-15.8372,-47.3689,0
42450300,-15.6406,-47.3567,163
42450050,-15.5836,-47.3408,0
42449000,-15.9581,-47.3747,1060.4
42255500,-17.2656,-46.9556,0
42210000,-16.6572,-45.0808,107000
41990000,-17.5961,-44.7133,26500
41972000,-17.7497,-44.5,220
41818000,-18.3061,-44.2258,16600
41781950,-18.3489,-44.0283,385
41781900,-18.3628,-43.9597,36
41780002,-18.645,-44.0506,3980
41719080,-18.6381,-43.9647,1740.2
41718000,-18.6597,-43.8244,1521
41714500,-19.1792,-43.6889,80
41714000,-19.1639,-43.6717,73
41713000,-19.2817,-43.6169,258
41711000,-19.2642,-43.6058,258
41650002,-18.6728,-44.1939,10700
41410000,-19.2311,-44.0247,7080
41380000,-19.4619,-43.9036,564
41340000,-19.5597,-43.9111,4860
41320000,-19.6414,-43.6925,620
41315000,-19.6656,-43.6925,613
41311000,-19.6878,-43.6011,295
41200430,-19.9631,-43.8067,1930
41195050,-20.0919,-43.7919,1450
41193000,-20.1247,-43.865,106
41192900,-20.1656,-43.8928,0
41180500,-20.2242,-43.8039,487
41153050,-20.2628,-43.6975,140
41152000,-20.2406,-43.6825,318
41140080,-20.2139,-43.7317,564
41135000,-17.3692,-44.9431,62200
41090002,-18.1089,-45.4619,5186.2
41020002,-18.1869,-45.2528,50816.4
40990080,-18.215,-45.2592,50651.4
40963000,-18.6769,-45.5658,2214.8
40866000,-18.8717,-44.7828,11160
40865480,-18.8769,-44.7819,10415
40865400,-19.0742,-44.6806,10415
40865001,-19.1731,-44.7011,10200.2
40811100,-20.0475,-44.4089,113
40800001,-19.9489,-44.305,5690
40799000,-19.9483,-44.3056,5692
40740000,-20.1667,-44.1606,4120
40712500,-20.3744,-44.1858,0
40700080,-20.5075,-43.9864,2485
40700050,-20.5414,-43.9714,0
40686000,-20.5594,-43.9903,0
40450001,-19.2869,-45.11,11300
40410200,-19.5964,-45.1044,2010
40410180,-19.6397,-45.1106,1966
40410100,-19.6392,-45.1089,1966
40410080,-19.6961,-45.0947,11850
40330000,-19.6939,-44.9308,7350
40293000,-20.0561,-44.6106,411
40291000,-20.0611,-44.6069,411
40154080,-20.1036,-44.8436,2594.1
40152000,-20.1811,-44.7939,2530
40151080,-20.2394,-44.7539,2230
40130002,-20.4053,-44.6283,1705.6
40127000,-20.5072,-44.5422,840
40100001,-19.2814,-45.2953,13838.2
40100000,-19.2814,-45.2753,14000
39971000,-10.0303,-36.3053,1270
39964000,-9.3167,-36.6431,0
39870000,-9.5067,-36.0228,2600
39863600,-8.9956,-36.1244,152
39863500,-8.9831,-36.1561,86
39860000,-9.3792,-36.2492,1970
39855000,-9.3686,-36.3747,0
39830000,-9.3036,-36.4769,0
39810000,-9.275,-36.3911,0
39770000,-9.4672,-35.8597,3560
39760000,-9.3136,-35.9497,3290
39740000,-9.1544,-36.0358,2900
39720000,-9.0042,-36.0511,1170
39715000,-9.0019,-36.3264,128
39700000,-9.1678,-36.2175,767
39690000,-9.1322,-36.3231,624
39590000,-8.7992,-35.205,6550
39580000,-8.8411,-35.4469,756
39575000,-8.8825,-36.2186,808
39571000,-8.8967,-35.7678,352
39570900,-8.9906,-36.4717,0
39570800,-8.9903,-36.3828,0
39570300,-8.9453,-36.4908,0
39560000,-8.6794,-35.5769,4910
39550000,-8.6786,-35.7233,718
39540750,-8.8161,-35.9339,434
39540680,-8.8383,-36.12,0
39540670,-8.8017,-36.1578,0
39540650,-8.5242,-35.8367,0
39540640,-8.4417,-35.8075,0
39540635,-8.7842,-36.5247,12
39540630,-8.3544,-35.805,0
39540620,-8.3953,-36.0653,0
39540610,-8.3861,-36.0725,0
39540550,-8.5397,-35.8508,2950
39540500,-8.4703,-35.6947,2400
39530000,-8.4839,-36.2331,1210
39490530,-8.6428,-36.5803,0
39490000,-8.6272,-35.1958,1461
39480300,-8.6478,-35.2097,1439
39480100,-8.6497,-35.215,1437
39450400,-8.5222,-35.4847,540
39450000,-8.4972,-35.4978,537
39433000,-8.4675,-35.4014,295
39431000,-8.3803,-35.4553,139
39370100,-8.3697,-35.1422,3310
39360000,-8.2819,-35.3647,2960
39340390,-8.3597,-36.0408,2
39340380,-8.36,-36.0314,3
39340350,-8.3036,-36.0444,0
39340300,-8.3072,-36.0003,1960
39340200,-8.3458,-36.3747,126
39339950,-8.3103,-36.4258,28
39200800,-8.2364,-35.0497,576
39200550,-8.2881,-35.0717,0
39189800,-8.0919,-35.0383,238
39187900,-8.0236,-35.0803,0
39187800,-7.9986,-35.0392,7290
39175000,-8.0369,-35.1625,383
39170000,-8.1136,-35.2839,264
39151000,-7.9694,-35.1156,0
39146000,-7.8786,-35.1756,0
39145550,-7.8969,-35.3339,0
39136000,-7.9656,-35.7431,18
39135000,-7.9525,-36.0758,40
39131500,-8.1933,-35.7367,22
39125000,-8.0228,-36.1425,0
39114500,-8.5594,-36.9853,1
39114000,-8.2475,-36.3761,0
39113500,-8.1811,-36.3717,15
39113000,-8.0911,-36.3814,0
39112000,-8.0003,-36.2692,0
39105000,-7.9619,-36.3497,0
39100000,-7.9619,-36.2022,1560
39084080,-7.29,-34.9589,0
39084050,-7.1544,-34.9103,28
39084000,-7.5428,-35.0686,1320
39081250,-7.5128,-35.3269,276
39081230,-7.5128,-35.345,78
38886000,-7.085,-35.1903,100
38885500,-7.0592,-35.2761,10
38883000,-7.7494,-36.3133,0
38882000,-7.7647,-36.5503,0
38881000,-7.8183,-36.6792,0
38880500,-7.8875,-36.8342,0
38876000,-7.3572,-35.7406,2
38870000,-7.4419,-35.5611,0
38861000,-7.7025,-36.1619,0
38855150,-7.4881,-36.1378,12391
38855100,-7.4889,-36.1397,12400
38852000,-7.0675,-36.3478,316
38851900,-7.6281,-36.4444,0
38851800,-7.6706,-36.9006,0
38851500,-7.6489,-37.0772,0
38851400,-7.6936,-37.0881,0
38851000,-7.6067,-37.1544,0
38848500,-6.2017,-36.5653,77
38848000,-7.3864,-36.5328,0
38847000,-7.2497,-36.4958,0
38845000,-7.165,-36.7594,93
38844500,-7.2856,-37.0978,0
38844000,-7.4739,-36.6606,0
38843900,-7.4803,-36.6844,0
38843000,-7.3836,-36.8053,0
38842000,-7.3706,-36.9019,0
38839000,-7.2122,-36.8389,0
38830000,-7.7211,-36.5053,5030
38812000,-7.7872,-36.7342,1240
38811500,-7.8772,-36.9278,0
38811000,-7.8872,-37.1086,0
38794000,-6.8186,-35.1194,0
38793000,-6.6592,-35.6783,70
38775000,-6.8528,-35.2956,0
38748000,-7.3189,-35.7783,52
38735000,-7.1619,-35.7164,1
38720000,-7.0333,-35.7608,134
38710000,-7.0272,-35.9181,19
38653000,-6.7056,-35.4433,3
38648000,-6.7372,-35.5794,13
38640000,-6.7264,-35.4789,6
38630000,-6.8111,-35.5703,42
38625000,-6.7908,-35.6186,19
38620000,-6.9075,-35.5383,58
38615000,-6.9425,-35.6781,0
38610000,-6.9917,-35.7519,14
38605000,-7.1425,-35.9542,27
38600000,-7.0958,-35.8622,2
38599500,-7.0883,-35.8714,37
38599000,-7.0919,-35.925,9
38595000,-6.715,-36.0353,299
38594000,-6.73,-36.0886,184
38593000,-6.5269,-36.11,0
38551000,-5.8903,-35.7731,440.9
38465000,-6.3456,-35.7953,1170
38450000,-6.2547,-35.8244,1670
38442000,-6.2242,-36.03,446
38441000,-6.1947,-36.0192,219
38397000,-5.9381,-35.4119,533
38384600,-8.0969,-36.9878,0
38354000,-7.8897,-36.9978,0
38353500,-7.9203,-37.1025,0
38353000,-7.8844,-37.0675,0
38341000,-6.0167,-36.2806,2
38320000,-5.2433,-35.5436,182
38249300,-5.9744,-35.1981,46
38248000,-5.9186,-35.1883,127
38155000,-5.6333,-35.6547,2060
37761000,-5.2572,-36.7233,40800
37750000,-5.2897,-36.7653,40300
37730000,-5.4133,-36.8444,40100
37721000,-5.665,-36.5964,25
37715100,-5.5778,-36.4756,311
37714700,-5.615,-36.8286,1090
37711000,-5.6319,-36.9161,969
37696000,-5.6431,-36.9331,963
37610500,-5.6625,-36.8819,38600
37610000,-5.6669,-36.8761,35500
37608000,-5.7689,-37.0725,540
37605000,-5.9767,-36.7022,134
37604000,-6.0342,-37.0156,34300
37570000,-6.3703,-37.1803,9710
37563000,-6.4942,-37.0686,1180
37562800,-6.5431,-36.9917,1140
37562700,-6.9675,-36.2442,116
37562200,-6.7539,-37.0092,112
37561700,-6.8733,-36.9206,0
37561500,-6.7869,-36.7881,8
37560920,-6.6456,-37.1972,826
37522000,-6.7328,-36.9517,465
37521700,-6.5567,-36.3789,43
37521500,-6.4292,-36.3533,0
37519800,-6.4256,-36.6028,2120
37519000,-6.7042,-36.6883,181
37518600,-6.6947,-36.6294,1440
37518200,-6.8572,-36.4081,349
37517850,-6.2683,-36.5258,161
37517800,-6.2464,-36.5097,406
37517400,-6.2369,-36.2969,0.43
37517000,-6.41,-36.7925,950
37500000,-6.6467,-37.1978,820
37489500,-6.1794,-37.3342,835
37482000,-6.2444,-37.4839,214
37481000,-6.1956,-37.5433,224
37471000,-6.3219,-37.5106,265
37439000,-6.6719,-37.3886,2910
37435000,-6.9317,-37.0719,0
37429000,-7.0614,-37.2694,0
37428000,-7.0786,-37.2469,0
37422000,-7.2383,-37.3108,0
37420000,-7.2383,-37.2264,0
37419300,-7.2492,-37.2811,0
37419000,-7.2581,-37.2908,0
37417000,-7.3111,-38.4811,0
37413000,-6.44,-37.3894,18100
37412100,-6.1272,-37.8142,110
37412090,-6.1733,-37.8481,45
37412050,-6.5231,-37.8469,315
37412000,-6.5803,-37.6058,17200
37411700,-6.9094,-37.5944,0
37411500,-6.4319,-37.6517,0
37410000,-6.7258,-37.7975,15200
37381500,-6.7256,-37.7975,15200
37381000,-6.9636,-37.9247,8580
37380000,-6.9658,-37.9242,8580
37372000,-6.9625,-38.1647,0
37369152,-7.0242,-37.9481,7960
37369150,-7.0242,-37.9431,0
37369100,-7.0217,-37.9486,7620
37369055,-7.0242,-37.9856,7960
37369000,-7.0239,-37.9861,0
37364000,-7.1158,-38.1917,0
37362200,-7.0875,-37.6547,0
37362000,-7.0744,-37.7317,0
37354000,-7.3253,-37.7583,0
37352000,-7.1642,-37.41,0
37340000,-7.2044,-37.9281,4560
37329000,-7.2056,-38.3756,0
37328000,-7.1786,-38.16,0
37327000,-7.1264,-38.4992,0
37326500,-7.2233,-38.3033,0
37326300,-7.3214,-38.2294,0
37326000,-7.3717,-38.41,0
37325000,-7.4214,-38.365,0
37324000,-7.3747,-37.5197,0
37323000,-7.3931,-37.9689,0
37322900,-7.7183,-37.9903,0
37322300,-7.6436,-37.8764,0
37322100,-7.5933,-37.9119,0
37322000,-7.4561,-37.6408,0
37321000,-7.5606,-37.8267,0
37320700,-7.54,-37.7892,0
37320500,-7.5139,-38.0461,0
37320000,-7.4364,-38.3189,1920
37312150,-7.63,-36.8975,102
37312000,-7.5031,-38.4417,0
37311000,-7.545,-38.5208,0
37310900,-7.5606,-38.5492,0
37310600,-7.545,-38.1617,0
37310000,-7.5861,-38.3025,0
37301000,-7.6858,-38.1756,0
37295000,-6.5958,-38.0625,72
37257000,-6.7039,-38.4728,18
37255000,-6.6944,-38.5181,0
37253000,-6.5439,-38.4694,266
37249500,-6.5744,-38.6075,10
37238200,-6.82,-38.6431,0
37238050,-6.7969,-38.5703,342
37238000,-6.7981,-38.5689,0
37236500,-6.5097,-38.4108,35
37230100,-6.8453,-38.31,1300
37230000,-6.8456,-38.3103,1320
37226100,-7.0853,-38.2831,0
37217100,-6.9847,-38.4533,1000
37217000,-6.9861,-38.4528,0
37212000,-6.9547,-38.6789,0
37147000,-5.6956,-37.2536,1540
37146000,-6.6297,-37.1497,319
37145910,-6.6269,-37.1489,315
37145000,-5.9058,-37.5078,180
37144000,-6.0181,-37.6464,105
37141000,-5.9572,-37.7217,102
37130000,-7.6314,-38.5956,0
37075100,-5.6539,-37.6925,588
37075000,-6.01,-37.8158,86
37067000,-5.83,-37.9803,12
37065000,-5.8519,-38.01,137
37064000,-5.795,-38.0708,13
37062800,-5.7608,-37.8025,4380
37062700,-5.8739,-37.9606,3620
37062000,-5.7842,-37.9161,102
37053000,-6.0525,-37.7814,319
37052000,-5.9778,-38.18,10
37051000,-5.9361,-37.9403,121
37049700,-5.8289,-38.0636,33
37049000,-6.2708,-38.0367,370
37047000,-6.2211,-38.2572,49
37045500,-6.3958,-38.3894,7.8
37045000,-6.3056,-38.2486,301
37041000,-6.2153,-38.4314,65
37031900,-6.1472,-38.3347,348
37031500,-6.1114,-38.215,49
37029000,-6.0844,-38.1256,72
37028000,-6.1458,-38.1914,1320
37026000,-6.3286,-38.1781,324
37024000,-35.4283,-35.6511,51.6
37020000,-6.1886,-37.9531,63
37010000,-6.355,-38.2764,230
36700000,-4.6722,-37.8181,0
36628000,-4.9344,-37.8878,71000
36615000,-5.0839,-37.9983,48900
36580000,-5.1219,-38.4464,17300
36520000,-5.2014,-39.2922,7050
36470000,-5.5958,-39.3811,4530
36390000,-5.2275,-38.1978,47800
36320000,-5.8997,-38.6331,39600
36290000,-6.4067,-38.8672,12400
36270000,-6.75,-38.9667,8840
36260000,-7.0142,-38.9581,6940
36210000,-7.2222,-39.1439,1260
36160000,-6.3744,-39.2933,20700
36130000,-6.5344,-39.4997,6000
36125000,-6.5578,-39.5086,3530
36070000,-6.5206,-39.6386,13700
36045000,-6.6461,-39.9617,3460
35570000,-3.4075,-39.0847,7330
35300100,-3.1122,-40.1253,0
35283000,-3.4553,-40.2128,13000
35275000,-3.6883,-40.3389,11300
35260000,-3.9092,-40.3797,2800
35255000,-3.9039,-40.4053,6880
35249000,-4.215,-40.0667,1770
35240000,-4.195,-40.3178,1530
35235000,-4.1442,-40.43,3640
35125000,-3.4647,-40.6853,1500
35051000,-3.1536,-41.1644,766
35050000,-3.0786,-41.255,1000
34980000,-3.7239,-41.9742,21800
34979000,-4.0394,-41.2675,1020
34977000,-3.9608,-41.6703,5040
34976000,-3.9372,-41.7169,5190
34943700,-4.2508,-41.7825,5
34941000,-4.33,-41.7206,220
34940000,-3.9028,-42.2297,11200
34936000,-4.2378,-42.3053,2900
34933000,-4.3931,-42.4072,1760
34930000,-4.4097,-42.1814,4910
34915000,-4.4417,-41.4739,39
34912000,-4.7689,-42.6078,60
34879500,-3.4539,-42.37,298000
34820000,-4.2881,-42.9856,294000
34789000,-5.2025,-42.6967,51400
34775000,-5.4417,-42.3636,5
34770000,-5.6664,-42.2136,43400
34750100,-5.51,-41.3456,7
34750000,-5.2231,-41.7375,19200
34742000,-5.0586,-41.1567,11400
34730000,-4.4156,-40.9108,1030
34710000,-6.1936,-41.9928,6580
34701000,-5.0808,-42.0556,173
34700000,-5.1028,-42.0397,94
34690000,-5.135,-42.8111,237000
34660000,-5.5719,-43.0242,235000
34600000,-6.6222,-42.6969,73700
34564000,-8.355,-42.2453,15600
34563800,-8.4556,-42.1639,15000
34563200,-9.0006,-42.4256,6480
34561500,-9.2842,-43.3208,57
34560800,-9.1094,-41.9472,194
34550000,-9.1611,-42.8725,1970
34500000,-6.9972,-42.5181,3100
34479000,-6.9861,-42.0883,28800
34471000,-7.1894,-41.7703,17700
34464000,-6.9136,-41.3069,1070
34445000,-7.7031,-41.2353,3050
34440000,-7.3347,-40.8447,562
34419000,-7.7256,-41.8378,3
34415000,-7.6583,-43.0856,4520
34409000,-8.0111,-41.4947,4710
34404000,-8.14,-41.1633,1280
34345000,-7.095,-40.5883,225
34340000,-6.8139,-42.9667,9910
34330000,-6.9925,-40.8364,2330
34320000,-6.8908,-40.6314,405
34311000,-6.7614,-43.0278,140000
34270000,-7.2475,-43.6433,47000
34251000,-8.7925,-44.2058,31000
34242500,-10.1992,-44.2253,1210
34233000,-9.5397,-44.6014,22700
34219100,-6.7722,-43.5469,85000
34219080,-6.7722,-43.5469,84686
34218080,-6.7494,-43.5669,84686
34170000,-7.0819,-44.8139,24700
34160900,-7.0817,-44.8117,22800
34130000,-7.5344,-46.0358,9040
34129980,-7.5342,-46.0344,8800
34090000,-7.3908,-44.6142,15600
34089980,-7.3903,-44.6136,14700
34070000,-7.3808,-44.8267,35300
34060000,-7.5667,-45.2544,31300
34059900,-7.5558,-45.2436,32700
34040500,-8.2708,-45.6683,25500
34020980,-9.1131,-45.9264,13600
34020000,-9.1131,-45.9261,12900
34010000,-9.29,-45.9019,12100
33770000,-3.5525,-43.8722,2630
33760000,-3.3347,-43.525,3990
33730000,-3.5775,-43.7028,4210
33690100,-3.3922,-44.3619,51129
33680000,-3.6278,-44.3792,49900
33630000,-4.1258,-44.1297,43800
33590000,-4.4583,-43.875,37200
33550000,-4.865,-43.3675,32700
33530000,-5.3372,-43.8844,27300
33480000,-6.0208,-44.2486,15000
33420000,-6.3708,-44.3603,6060
33380000,-3.7722,-45.2181,20300
33321000,-5.8222,-46.1422,4510
33290000,-4.2194,-44.7653,25500
33286000,-4.37,-44.6758,25200
33281000,-4.57,-44.6106,24000
33260000,-5.1019,-44.9614,15400
33250000,-5.5006,-45.2436,13200
32620000,-1.8006,-46.3161,32900
32550000,-2.7717,-46.8028,4690
32540000,-3.3197,-46.8456,16300
31700000,-2.5128,-47.7681,32200
31680000,-3.1372,-48.0847,25900
31645000,-1.455,-48.4017,49400
30511000,0.8583,-51.1942,30900
30510000,0.8564,-51.1975,30850
30400080,0.9033,-51.2597,31000
30400070,0.8522,-51.2908,30510
30380900,0.6567,-51.6239,14855
30380000,0.6439,-51.7547,12423
30300000,0.9006,-52.0156,10800
30200050,0.7814,-51.5911,15287
30080000,0.9861,-51.7064,10600
30075000,1.3978,-50.925,1810
30055000,2.9567,-51.4219,3330
30050000,3.7217,-51.9308,22200
29680090,-3.7792,-49.6583,763000
29200000,-5.1281,-49.3242,746000
29110000,-5.4886,-49.2233,37541
29100000,-5.4867,-49.2214,37500
29070100,-6.0914,-49.9044,6850
29050000,-5.3386,-49.1244,703000
29040000,-5.3497,-48.8806,700000
28850000,-5.6514,-48.1325,388000
28318000,-6.5178,-48.1514,0
28310080,-6.7822,-48.1525,705
28310070,-6.7817,-48.1511,705
28308000,-6.8006,-48.1358,690
28300100,-6.3997,-48.5281,359462
28300000,-6.4097,-48.5422,377000
28280000,-6.5778,-48.6367,0
28200000,-7.2075,-48.2958,1330
28190080,-7.2133,-48.2364,440
28180000,-7.2517,-48.1603,216
27550000,-7.6136,-49.0453,1150
27500000,-8.2694,-49.2594,332000
27490000,-8.3611,-49.2775,316568
27320000,-8.8033,-49.555,319000
27300900,-9.1261,-49.7431,0
27110000,-9.5003,-49.9831,6370
26800000,-10.5647,-49.9342,35800
26799000,-10.5856,-49.9264,0
26798500,-10.8278,-49.7956,0
26798000,-11.3811,-49.6819,0
26796000,-11.4011,-49.6556,0
26795700,-10.8636,-49.6756,0
26795100,-10.7825,-49.4253,0
26792000,-11.1222,-49.6303,0
26790000,-11.3231,-49.2592,1420
26730000,-11.8392,-49.7711,9040
26721000,-12.2125,-49.6628,0
26713000,-10.8014,-49.9539,13500
26711000,-11.4644,-50.0078,10500
26710000,-12.0986,-49.9481,8150
26500000,-10.8731,-51.6283,3658
26350000,-11.6181,-50.6625,194000
26310000,-12.1653,-51.3331,2225
26150000,-14.5997,-51.7197,9390
26130000,-15.0894,-52.0489,2812
26100000,-14.6725,-52.355,25300
26070000,-12.9186,-51.3297,1339
26057000,-14.5342,-52.3314,2882
26054000,-14.8672,-53.2833,774
26053120,-14.8569,-53.2919,160
26053110,-14.8669,-53.2972,780
26053100,-14.8689,-53.3014,610
26034600,-15.2225,-53.9661,2235
26033800,-15.3717,-54.3836,4010
26033750,-15.38,-54.4136,4027
26033700,-15.4072,-54.4322,0
26033600,-15.3661,-54.8,2146
25700000,-13.6897,-50.8,92300
25200000,-14.9128,-51.0814,76300
25130000,-15.5358,-50.7047,5310
25100000,-15.9222,-50.1717,229
25090000,-15.9147,-50.1278,103
24950000,-15.9397,-51.3575,10100
24850000,-15.7381,-51.8281,50100
24800000,-15.8897,-51.8528,12000
24770000,-16.5864,-51.8156,962
24768000,-16.5917,-51.8056,955
24760000,-16.6164,-51.77,933
24748700,-16.3306,-51.46,0
24748000,-16.3419,-51.4397,0
24747000,-16.3697,-51.4178,0
24745000,-16.4033,-51.4033,0
24744920,-16.4353,-51.3958,3518
24744900,-16.4414,-51.3969,5365
24744000,-16.555,-51.2928,5365
24743000,-16.6847,-51.2325,1847
24735100,-16.475,-51.4133,1795
24735080,-16.475,-51.4167,1793
24735000,-16.5072,-51.4364,1784
24730000,-16.5364,-51.4794,1734
24725000,-16.6631,-51.5844,1402
24720000,-16.7658,-51.6358,1029
24700000,-15.8914,-52.2278,36800
24653000,-15.8994,-52.2764,13400
24500000,-16.0778,-53.5481,5280
24210100,-17.3306,-52.8025,83.75
24180080,-16.2986,-52.7028,1090
24180070,-16.2994,-52.7047,1057
24180050,-16.3056,-52.7097,1060
24179090,-16.3375,-52.745,604
24055000,-17.2967,-53.2172,2202
24035000,-17.3322,-53.205,1900
23790000,-5.5581,-47.4831,289594
23700000,-5.7894,-47.4689,297000
23495000,-6.2889,-47.3917,0
23490000,-6.5922,-47.4664,275000
23466000,-6.9953,-47.1653,4040
23310000,-7.3303,-47.4769,275000
23250000,-7.7078,-47.3117,10100
23249000,-7.7086,-47.3108,10100
23150100,-8.3914,-47.7658,2800
23100100,-8.3917,-48.1114,242000
23100000,-8.3917,-48.1114,242000
22910000,-9.3086,-47.9314,44910
22900000,-9.3069,-47.9292,44100
22741000,-9.9919,-47.8197,0
22738000,-10.0017,-47.8272,4055
22735080,-10.6942,-47.7922,8270
22735070,-10.6986,-47.795,8270
22735060,-10.7506,-47.6803,3010
22735050,-10.8353,-47.7675,4540
22735000,-11.0169,-47.4839,3073
22685000,-9.9911,-47.4797,13855
22680000,-9.9953,-47.4725,16900
22670000,-10.5486,-46.7589,25572
22511000,-9.5292,-48.6069,17055.2
22491400,-9.5669,-48.3792,0
22491200,-9.6917,-48.3689,0
22491000,-9.7442,-48.3625,182700
22490500,-9.7603,-48.3697,182520
22490300,-9.8319,-48.2925,518
22490200,-9.8356,-48.2939,514
22490100,-9.8519,-48.2836,435
22360000,-10.3483,-48.6369,2200
22320000,-10.895,-48.3483,2330
22300000,-11.1519,-48.5158,167385
22281000,-11.2467,-48.4586,167134
22250000,-11.5328,-48.2886,14500
22241000,-11.6667,-47.4392,0
22225080,-11.3694,-47.5758,110
22220001,-11.7578,-47.8358,10300
22220000,-11.7586,-47.8367,10300
22200080,-11.4661,-46.82,225
22199500,-11.4686,-46.8158,245.29
22186000,-11.8253,-47.1864,0
22184210,-11.5467,-46.9947,1483
22184200,-11.5469,-46.9881,1522
22184100,-11.4556,-46.9189,1365
22170000,-11.1244,-48.8019,0
22160000,-11.8517,-48.8458,3057
22151000,-11.9817,-48.6569,13900
22100000,-12.3922,-48.7117,8720
22050001,-12.0231,-48.5328,128000
22043000,-12.2342,-48.3861,126000
22042315,-12.785,-48.2403,63800
21891000,-12.6033,-47.8614,0
21860000,-12.6131,-47.7597,17300
21850000,-12.4167,-47.1958,12400
21844900,-12.3233,-46.9439,17055.2
21843000,-12.1561,-46.82,0
21842000,-12.1522,-46.8183,1418
21837000,-11.9856,-46.6522,0
21836000,-11.9528,-46.7547,1418
21835000,-11.9503,-46.7556,1418
21830000,-11.8906,-46.7681,151
21829000,-11.8908,-46.77,151
21820000,-11.8161,-46.7875,1900
21815000,-11.8133,-46.785,0
21780275,-11.7375,-46.7525,136.28
21780270,-11.7358,-46.7519,133.62
21780265,-11.71,-46.7514,209
21780260,-11.71,-46.7506,209
21780250,-11.6975,-46.7375,246
21780240,-11.6981,-46.7367,246
21780210,-11.6911,-46.7044,208
21780200,-11.6922,-46.7044,208
21780180,-11.6764,-46.6642,949
21780080,-12.0981,-49.4844,126
21770080,-12.4686,-46.4433,132
21762000,-12.5283,-46.2675,125
21761000,-12.5281,-46.2656,125
21758000,-12.6464,-46.6572,17055
21660000,-12.6906,-47.7828,40100
21600000,-13.425,-47.1383,29600
21551100,-13.4172,-46.3875,334
21550500,-13.4156,-46.3711,350
21550100,-13.4058,-46.3425,328
21545000,-13.3817,-46.2778,328
21540000,-13.3933,-46.3906,0
21539000,-13.3736,-46.3842,0
21500000,-13.7625,-46.8375,22600
21292000,-14.3722,-46.3242,816
21291500,-14.3708,-46.3194,907
21291100,-14.3653,-46.2556,386
21291000,-14.3575,-46.1978,361
21289000,-14.3272,-46.2311,370
21287000,-14.3047,-46.2011,370
21274000,-11.9808,-46.6425,1328
21273600,-11.9311,-46.3322,446
21273550,-11.9283,-46.3144,446
21273500,-11.9308,-46.3289,446
21273300,-11.925,-46.2772,399
21273100,-11.9244,-46.255,399
21273000,-11.9381,-46.595,1328
21270000,-14.6886,-46.2989,893
21268000,-14.695,-46.2867,867
21250000,-14.7858,-46.2472,477
21220000,-14.4508,-47.0472,7210
21210000,-15.3222,-47.3817,533
21163100,-13.0328,-48.2456,323.75
21160100,-13.0847,-48.0981,654.32
21150100,-13.1706,-48.22,755.61
21080000,-12.8086,-48.2386,63300
21050200,-13.23,-48.1928,2115.68
21050080,-13.4031,-48.1439,6825.57
21040000,-13.5539,-47.9908,785
21030000,-13.5483,-48.23,208.6
20980000,-13.7719,-48.0289,3693
20920080,-13.8286,-48.3067,51300
20699000,-14.5683,-48.1589,1610
20489100,-14.7967,-49.1725,17000
20250000,-15.2753,-49.5519,10600
20200000,-15.4961,-49.6908,3700
20130000,-15.5142,-49.4853,3930
20120000,-15.5175,-49.4856,3930
20110900,-15.5239,-49.4703,3928
20100000,-15.7242,-49.3219,1970
20090010,-14.8336,-48.7497,13800
20050050,-14.9794,-48.6669,0
20008000,-15.4981,-48.1406,161
20001400,-15.4875,-48.0458,0
20001200,-15.5008,-47.8542,139
20001050,-15.5231,-47.8158,0
20000950,-15.5281,-47.7419,0
19985000,-3.8511,-50.6397,2682
19500000,0.0219,-51.0503,5930000
19152500,-0.8569,-52.525,53100
19151500,-0.6622,-52.5161,52643
19151000,-0.6486,-52.5281,0
19150900,-0.6514,-52.5075,52595
19150800,-0.5994,-52.5214,52517
19110000,-0.5572,-52.5794,4470
19090000,-0.1392,-52.9344,40618
18950003,-1.7531,-52.24,509000
18938001,-2.6219,-51.9544,486000
18936000,-2.8819,-52.0114,714
18935000,-2.9167,-51.9206,483910
18880000,-3.7314,-51.5675,24700
18867900,-3.5339,-51.7058,25590
18865003,-3.4506,-51.9667,449100
18864000,-3.4228,-51.9653,0
18850600,-3.1289,-52.2239,106
18850400,-3.1508,-52.225,40.3
18850200,-3.2006,-52.2092,73
18850000,-3.2147,-52.2122,448000
18849800,-3.2369,-52.2367,502
18821000,-3.585,-52.3347,446500
18820900,-3.1311,-51.7719,0
18700000,-4.5278,-54.0125,122000
18650000,-5.65,-54.5208,35600
18630100,-8.7225,-55.0189,515
18630000,-8.75,-55.0325,495
18622000,-8.7303,-54.9636,1123
18621900,-8.7422,-54.9614,1120
18621100,-8.7686,-54.9533,1118
18620950,-8.8981,-54.9889,173
18620900,-8.9072,-54.9558,302
18620800,-9.0308,-54.9425,178
18600000,-5.6967,-54.2456,58700
18590000,-6.1872,-54.0836,56900
18500000,-6.7453,-51.7736,42400
18480000,-8.3269,-51.4603,6860
18460000,-6.7358,-51.9953,210000
18435000,-10.5547,-52.1833,5430
18428000,-12.6219,-52.0589,3510
18425200,-11.9283,-54.9983,2131
18422600,-12.7847,-54.6806,2099
18422500,-13.0975,-54.8183,2099
18422480,-13.0983,-54.8181,2099
18422400,-13.1483,-54.8356,2099
18422000,-11.1272,-54.4767,11600
18421600,-11.4717,-54.9939,3728
18421000,-12.3692,-54.1383,10300
18420000,-13.1408,-54.4453,3840
18415000,-13.5692,-53.0761,11600
18409650,-13.8475,-53.2597,6104
18409350,-14.5744,-53.6967,2147
18409000,-14.6111,-53.9986,706
18408500,-14.6297,-53.9097,1102
18408000,-14.6333,-53.9128,1100
18407500,-14.6317,-53.9242,769
18390000,-1.5328,-52.5769,5460000
18119000,-2.8094,-54.2994,16200
18116900,-2.8156,-54.2997,0
18115000,-3.4764,-54.4614,8300
18114000,-2.8839,-54.755,0
18090100,-3.1569,-54.7867,0
17900000,-2.4136,-54.7378,493000
17730000,-4.2756,-55.9822,458000
17710000,-4.6156,-56.325,450000
17680000,-5.4556,-55.87,40200
17430000,-7.3397,-58.1553,333000
17420000,-7.6147,-57.9503,138000
17410100,-8.8594,-57.4192,132796.52
17396080,-9.1875,-57.0428,91241.69
17395900,-9.1922,-57.0686,16106.13
17395000,-10.295,-56.9681,7266
17394000,-10.3303,-56.9828,7240
17393500,-10.3394,-56.9822,7237
17393000,-10.3444,-57.2511,395
17390100,-9.1653,-57.0608,107356.11
17389500,-10.3553,-56.9811,7211
17389000,-10.4361,-57.2683,1095
17388000,-10.5231,-56.9742,1242
17387000,-10.3711,-56.8881,3652
17385000,-10.6389,-56.5181,485
17384000,-9.3506,-56.7806,90704
17382125,-9.9256,-56.6353,2249
17381100,-9.6397,-56.0192,80247
17355000,-9.8386,-55.0192,3100
17354970,-9.7992,-54.9867,1750
17354950,-9.7894,-54.9881,1804
17354930,-9.7789,-54.9867,1804
17354800,-9.6864,-54.9653,1700
17354700,-9.6836,-54.9633,1699
17354550,-9.66,-54.9392,197
17354450,-9.6314,-54.9739,1444
17354400,-9.5056,-54.9969,1035
17354000,-9.8219,-54.9839,1200
17343000,-10.2194,-54.9708,10738
17340200,-9.9506,-55.5764,73852
17307000,-10.9831,-55.8389,41008
17305000,-10.975,-55.7683,41508
17280990,-11.2653,-55.4511,37938
17280980,-11.2797,-55.4442,37938
17277500,-13.1433,-55.6669,13248
17277300,-12.2881,-55.6008,17092
17277000,-12.65,-55.5683,1792
17275100,-12.1731,-55.8994,10072
17273100,-11.8939,-55.6561,20000
17271100,-12.535,-55.7072,840
17270000,-12.7933,-56.0108,6367.8
17250550,-13.5914,-56.2164,1880
17250500,-13.6036,-56.2006,1874
17240900,-13.7583,-56.0536,1770
17230000,-13.0519,-55.905,5435
17229000,-13.2986,-55.9122,1576
17228000,-13.4017,-55.8269,727.81
17224000,-13.7028,-56.7861,821
17130000,-7.7311,-58.2808,182000
17099500,-13.5025,-56.6183,5138
17099000,-13.8319,-56.4125,6011
17098500,-14.2169,-56.0347,2636
17094550,-12.4822,-57.8744,2571
17094520,-12.5294,-57.8783,0
17094400,-12.5733,-57.8831,2571
17094300,-12.0964,-57.8803,21622
17094050,-13.205,-57.505,3115
17094010,-13.3014,-57.5881,2819.8
17094000,-13.3197,-57.5978,2800
17093750,-13.3556,-57.6136,2617
17093700,-13.3867,-57.6244,2728.8
17093500,-13.4733,-57.6417,2419.7
17093400,-13.8622,-57.7856,1293
17093010,-11.3564,-58.3536,2243
17092960,-12.7983,-58.3969,16275
17092850,-12.96,-58.2508,6541.5
17091600,-13.0258,-58.1844,6397
17091580,-13.2925,-58.1347,0
17091450,-13.545,-58.6372,1441
17091410,-13.3617,-59.395,3030
17091400,-13.3947,-58.5919,1530
17091310,-13.3856,-59.3922,3022
17091210,-13.4572,-59.3903,2641
17091200,-13.42,-58.6047,1460
17091180,-13.6317,-58.6642,1000
17091170,-13.3489,-59.1508,946
17091160,-13.3631,-59.1425,933
17091150,-13.3783,-59.1464,835
17091130,-13.4992,-59.1856,588
17091095,-13.0719,-58.9764,5461
17091093,-13.0742,-58.9758,5461
17091090,-13.1972,-58.9831,5000
17091080,-13.1978,-58.9839,4960
17091050,-13.2239,-59.0267,4878
17091048,-13.2661,-59.0183,4860
17091047,-13.2664,-59.0194,4860
17091045,-13.3689,-59.0147,4620
17091040,-13.3697,-59.0125,4614
17091030,-13.4228,-59.0014,4533
17090600,-13.5425,-59.025,4273
17090580,-13.5436,-59.0303,4259
17090500,-13.5567,-59.0283,4220
17090400,-13.5956,-59.0325,4130
17050001,-1.9192,-55.5131,4670000
16900000,-1.7764,-55.8622,127000
16800000,-1.1014,-56.04,34800
16661000,-1.3706,-56.8519,79000
16500000,-1.1006,-57.0569,25800
16430000,-0.9978,-57.0431,39000
16100000,-2.1061,-59.3442,20400
16090000,-1.9494,-59.4767,14949
16070990,-1.9161,-59.4744,14949
16070980,-1.9161,-59.4756,14949
16062000,-1.2106,-60.2347,14949
16030000,-3.1539,-58.4114,4350000
16024900,-1.0781,-59.6739,1080
16020200,-0.9911,-59.4797,4070
16020100,-0.8661,-59.6011,3051
16020000,-0.8658,-59.6047,3051
16019000,-0.5956,-59.7772,149
16018000,-0.585,-59.7761,913
15960000,-3.5467,-58.9244,1376282
15910000,-6.7956,-59.0422,12700
15860000,-4.8972,-60.0253,1310000
15754000,-10.1647,-59.4467,15200
15753900,-10.1986,-59.4686,15170
15750600,-10.11,-59.4372,15387
15750550,-10.1611,-59.4606,15113
15750500,-10.1831,-59.4719,15269
15748000,-10.3219,-59.4622,0
15740000,-11.3097,-59.2236,3020
15730000,-11.3114,-59.2225,3020
15720000,-11.4131,-59.1703,416
15710000,-11.5778,-59.2058,759
15700000,-5.8167,-61.3019,1150000
15630000,-7.5028,-63.0183,1090000
15629000,-7.5053,-63.0211,1090000
15627000,-8.1803,-63.0911,1020424
15580000,-8.9322,-62.0556,60200
15564000,-10.8317,-62.8925,133
15560000,-10.8736,-61.9356,32800
15559000,-11.6525,-61.215,16100
15558200,-11.4444,-61.4408,17900
15558000,-11.6836,-61.1922,10100
15555800,-11.9025,-61.2397,1236
15555500,-11.9039,-61.2331,1236
15555300,-11.9475,-61.22,1236
15553950,-12.2594,-61.1889,405
15553900,-12.2708,-61.1872,405
15553800,-12.2678,-61.0756,1236
15553350,-12.5869,-60.9353,253
15553300,-12.5881,-60.9339,253
15553200,-12.595,-60.8831,253
15553180,-12.69,-60.8831,1891
15553160,-12.6928,-60.8808,1891
15553150,-12.7028,-60.8831,1891
15553100,-12.7561,-60.8083,1891
15552900,-12.855,-60.3303,0
15552800,-12.8539,-60.3292,0
15552600,-11.7489,-60.8678,4360
15552580,-11.9592,-60.7022,3330
15552570,-11.9953,-60.6969,3230
15552560,-12.1853,-60.5997,2551
15552008,-12.5042,-60.4714,381.2
15552005,-12.5056,-60.4719,434
15550000,-8.7986,-63.7106,12700
15490400,-8.4444,-63.5081,1017245
15490000,-8.4522,-63.5178,977000
15459090,-8.7469,-63.4636,14700
15459080,-8.7525,-63.455,14700
15444900,-9.5564,-62.9506,1130
15431900,-9.7603,-63.2881,1015
15430900,-9.8867,-62.9847,8469
15430000,-9.9256,-63.0714,8140
15424000,-9.9347,-63.0756,1032
15423980,-9.9381,-63.0772,5041
15418000,-10.0183,-63.0622,3062
15417980,-10.0194,-63.0606,3003
15414000,-10.0831,-62.9975,897
15413000,-10.2542,-62.9894,781
15408600,-10.2303,-63.2311,3994
15406000,-10.4375,-63.2358,0
15405000,-10.4719,-63.2594,0
15400000,-8.7483,-63.9169,976000
15390000,-8.7481,-63.9158,988997.42
15380000,-8.7822,-63.9303,988872.51
15360000,-8.7967,-63.9583,0
15345900,-9.2617,-64.4014,12301
15344000,-9.5011,-64.3817,6890.03
15341000,-9.2028,-64.6086,974224
15340600,-9.2486,-64.6264,972000
15340500,-9.2503,-64.6483,972000
15335000,-9.6175,-64.9331,17
15326010,-9.7847,-65.5275,31000
15326000,-9.7847,-65.5275,31100
15324500,-9.8936,-66.6186,30000
15324000,-10.3378,-67.1831,7740
15320002,-9.7053,-65.3667,921000
15318000,-10.3569,-65.3614,834000
15250001,-10.7261,-65.3478,609000
15250000,-10.7925,-65.3478,609000
15248010,-10.9175,-65.0433,4390
15200010,-12.4267,-64.4253,341000
15200000,-12.4267,-64.4253,341000
15172000,-11.9275,-62.1836,570
15171800,-11.9336,-62.1792,549
15171100,-11.9561,-62.1806,555
15171050,-11.9875,-62.1764,0
15171000,-11.9958,-62.1717,500
15170900,-12.0522,-62.1703,0
15170700,-11.9061,-62.1842,2061
15170600,-11.9111,-62.1811,0
15170200,-11.9272,-62.1547,1457
15169000,-11.9253,-62.1467,1457
15152500,-11.9294,-62.1081,1355
15152000,-11.9308,-62.1036,1355
15151500,-11.9383,-62.0403,0
15151000,-11.9531,-62.0125,0
15150800,-11.9689,-61.9908,1248
15150000,-12.8514,-62.8992,110000
15145000,-12.3456,-61.7697,67
15143000,-12.38,-61.7497,67
15138000,-12.3842,-61.7106,67
15130000,-13.4858,-61.05,54400
15124009,-13.5125,-60.53,3600
15123500,-12.9633,-60.1492,61
15123200,-12.9575,-60.1347,61
15123100,-13.0203,-60.135,0
15123080,-13.0206,-60.1114,0
15123000,-13.7822,-59.7922,81
15122000,-13.63,-59.8761,0
15121000,-14.4575,-59.5086,232
15120500,-14.4478,-59.4847,0
15050001,-15.2153,-59.3539,2990
15046000,-15.2108,-59.0119,1353
15044100,-15.1381,-58.9825,1290
15044000,-15.1236,-58.9622,1260
15043000,-15.0594,-58.9106,1050
15042000,-2.6989,-59.7036,976
15040000,-3.1961,-59.8336,2850000
15030000,-3.0633,-59.6478,2930000
14990000,-3.1383,-60.0272,712000
14900050,-2.625,-60.9364,712000
14850000,-0.8586,-60.52,7080
14840000,-1.4567,-61.6347,593000
14790000,-0.5053,-61.7864,184000
14710000,1.8214,-61.1236,126000
14690000,2.4714,-60.9178,19800
14680001,2.8708,-61.4406,12200
14620000,2.8267,-60.6561,97200
14558000,3.3178,-60.3447,40600
14540000,4.6306,-60.4706,3210
14530000,4.1961,-60.7939,2280
14527000,3.5675,-59.8883,24300
14526400,4.5761,-60.1397,0
14515000,3.2078,-60.5711,50200
14500000,3.4644,-60.9097,43900
14495000,3.4381,-61.0367,36900
14489000,3.3528,-61.4222,26700
14480002,-0.9658,-62.9311,379000
14420000,-0.4819,-64.8289,293000
14330000,-0.2006,-66.8022,194000
14280001,0.1303,-68.5386,44300
14235200,2.8642,-60.7517,0
14110000,1.2153,-66.8525,74300
14100000,-3.3106,-60.6094,2200000
14050000,-3.5811,-61.3783,2190000
13990000,-3.8989,-61.3742,378000
13962000,-4.7286,-62.1453,366000
13885000,-7.4644,-64.2433,7030
13870000,-7.2581,-64.7975,226000
13710001,-8.6533,-67.375,105000
13650000,-9.0667,-67.3969,34400
13610001,-9.5819,-67.5281,0
13600002,-9.975,-67.8008,23500
13578000,-10.0567,-67.9639,6520
13572000,-10.005,-68.5294,3210
13568000,-10.3886,-67.9353,15000
13550000,-10.6511,-68.5075,8270
13540000,-10.5606,-68.7047,3730
13470000,-11.0178,-68.745,7020
13450000,-10.9436,-69.5656,3760
13439000,-10.9261,-69.9233,2100
13410000,-9.0439,-68.5772,63100
13405000,-9.1103,-68.9933,6110
13310000,-9.0678,-68.6531,18000
13180000,-8.8886,-69.275,32800
13169900,-9.4342,-70.4942,0
13155000,-3.8447,-62.0611,1810000
13150003,-4.0856,-63.0833,1780000
13150000,-4.0578,-63.0278,1780000
13100000,-5.1092,-63.9847,8200
12900001,-3.3758,-64.6547,24300
12880000,-4.2922,-65.2017,13700
12850000,-1.8211,-66.6092,249000
12842000,-3.6414,-66.1031,174000
12840000,-4.8392,-66.8506,164000
12700000,-6.4403,-68.2461,144000
12680000,-7.4281,-70.0225,49700
12650000,-8.1636,-70.3564,17000
12640000,-8.6858,-70.5511,12800
12590000,-8.1519,-70.7456,8770
12557000,-9.1883,-71.9525,17.05
12550000,-6.6844,-69.8811,77300
12540000,-7.2667,-70.9833,7350
12520000,-7.0556,-71.6892,56100
12510500,-7.7994,-72.0211,3450
12500000,-7.6333,-72.6603,37800
12390000,-8.2672,-72.7411,22200
12370000,-8.9458,-72.7847,16100
12351000,-2.4914,-66.0617,1220000
12240000,-3.3372,-67.4917,64400
12100000,-4.6514,-68.3244,10700
11500000,-3.1017,-67.9356,1130000
11400000,-3.4569,-68.9119,1010000
10910000,-4.5836,-70.2644,36900
10500000,-4.3408,-70.9056,61400
10200000,-5.1389,-72.8136,16500
10100000,-4.2347,-69.9447,874000
